"AAPL","2017/04/26","10:59:57","143.95","5467476"
"AAPL","2017/04/26","11:00:57","143.96","5487665"
"AAPL","2017/04/26","11:01:58","143.96","5539292"
"AAPL","2017/04/26","11:02:59","143.98","5572165"
"AAPL","2017/04/26","11:03:59","144.00","5603473"
"AAPL","2017/04/26","11:04:59","144.02","5690297"
"AAPL","2017/04/26","11:06:00","144.00","5757582"
"AAPL","2017/04/26","11:07:00","144.00","5815214"
"AAPL","2017/04/26","11:08:01","144.05","5893524"
"AAPL","2017/04/26","11:09:02","144.16","6021453"
"AAPL","2017/04/26","11:10:03","144.10","6044384"
"AAPL","2017/04/26","11:11:05","144.13","6216898"
"AAPL","2017/04/26","11:12:06","144.07","6237286"
"AAPL","2017/04/26","11:13:07","144.08","6273815"
"AAPL","2017/04/26","11:14:12","144.11","6303151"
"AAPL","2017/04/26","11:15:15","144.14","6329780"
"AAPL","2017/04/26","11:16:21","144.11","6374456"
"AAPL","2017/04/26","11:17:22","144.14","6396031"
"AAPL","2017/04/26","11:18:22","144.10","6416605"
"AAPL","2017/04/26","11:19:23","144.12","6434999"
"AAPL","2017/04/26","11:20:24","144.13","6462926"
"AAPL","2017/04/26","11:21:24","144.11","6477056"
"AAPL","2017/04/26","11:22:25","144.10","6504089"
"AAPL","2017/04/26","11:23:29","144.08","6539856"
"AAPL","2017/04/26","11:24:29","143.98","6599185"
"AAPL","2017/04/26","11:25:30","143.99","6634210"
"AAPL","2017/04/26","11:26:30","143.96","6681934"
"AAPL","2017/04/26","11:27:34","143.95","6709903"
"AAPL","2017/04/26","11:28:34","143.91","6757743"
"AAPL","2017/04/26","11:29:35","143.90","6782690"
"AAPL","2017/04/26","11:30:35","143.89","6820356"
"AAPL","2017/04/26","11:31:37","143.91","6837509"
"AAPL","2017/04/26","11:32:38","143.87","6871719"
"AAPL","2017/04/26","11:33:39","143.95","6905354"
"AAPL","2017/04/26","11:34:40","143.97","6928726"
"AAPL","2017/04/26","11:35:40","143.95","6948932"
"AAPL","2017/04/26","11:36:41","143.96","6978620"
"AAPL","2017/04/26","11:37:41","143.98","6999399"
"AAPL","2017/04/26","11:38:44","144.07","7043462"
"AAPL","2017/04/26","11:39:45","144.13","7115203"
"AAPL","2017/04/26","11:40:45","144.12","7149460"
"AAPL","2017/04/26","11:41:49","144.13","7236679"
"AAPL","2017/04/26","11:42:49","144.16","7283166"
"AAPL","2017/04/26","11:43:50","144.16","7299825"
"AAPL","2017/04/26","11:44:50","144.15","7331903"
"AAPL","2017/04/26","11:45:51","144.20","7397637"
"AAPL","2017/04/26","11:46:52","144.21","7433196"
"AAPL","2017/04/26","11:47:52","144.19","7452201"
"AAPL","2017/04/26","11:48:53","144.23","7477234"
"AAPL","2017/04/26","11:49:53","144.19","7526130"
"AAPL","2017/04/26","11:50:53","144.21","7561053"
"AAPL","2017/04/26","11:51:54","144.27","7629051"
"AAPL","2017/04/26","11:52:54","144.25","7673402"
"AAPL","2017/04/26","11:53:55","144.24","7687758"
"AAPL","2017/04/26","11:54:58","144.26","7718835"
"AAPL","2017/04/26","11:55:59","144.28","7762639"
"AAPL","2017/04/26","11:57:01","144.25","7781862"
"AAPL","2017/04/26","11:58:01","144.21","7806633"
"AAPL","2017/04/26","11:59:02","144.17","7833311"
"AAPL","2017/04/26","12:00:02","144.10","7916796"
"AAPL","2017/04/26","12:01:03","144.15","7953016"
"AAPL","2017/04/26","12:02:04","144.00","8034178"
"AAPL","2017/04/26","12:03:05","144.03","8068516"
"AAPL","2017/04/26","12:04:06","144.03","8090030"
"AAPL","2017/04/26","12:05:07","143.97","8119862"
"AAPL","2017/04/26","12:06:10","144.09","8154480"
"AAPL","2017/04/26","12:07:11","144.10","8176005"
"AAPL","2017/04/26","12:08:13","144.11","8221511"
"AAPL","2017/04/26","12:09:18","144.10","8260521"
"AAPL","2017/04/26","12:10:19","144.05","8295942"
"AAPL","2017/04/26","12:11:20","144.03","8360086"
"AAPL","2017/04/26","12:12:20","144.04","8376916"
"AAPL","2017/04/26","12:13:21","144.03","8395076"
"AAPL","2017/04/26","12:14:21","144.01","8450756"
"AAPL","2017/04/26","12:15:23","144.01","8474942"
"AAPL","2017/04/26","12:16:24","144.00","8491772"
"AAPL","2017/04/26","12:17:25","144.06","8522982"
"AAPL","2017/04/26","12:18:26","144.12","8554860"
"AAPL","2017/04/26","12:19:26","144.14","8574620"
"AAPL","2017/04/26","12:20:26","144.12","8588324"
"AAPL","2017/04/26","12:21:27","144.09","8608064"
"AAPL","2017/04/26","12:22:31","144.09","8619448"
"AAPL","2017/04/26","12:23:32","144.07","8637979"
"AAPL","2017/04/26","12:24:33","144.13","8649109"
"AAPL","2017/04/26","12:25:34","144.15","8664538"
"AAPL","2017/04/26","12:26:35","144.16","8678473"
"AAPL","2017/04/26","12:27:35","144.17","8703561"
"AAPL","2017/04/26","12:28:39","144.20","8718990"
"AAPL","2017/04/26","12:29:41","144.23","8754186"
"AAPL","2017/04/26","12:30:42","144.18","8792476"
"AAPL","2017/04/26","12:31:45","144.25","8809805"
"AAPL","2017/04/26","12:32:45","144.26","8835462"
"AAPL","2017/04/26","12:33:46","144.23","8854505"
"AAPL","2017/04/26","12:34:47","144.26","8872359"
"AAPL","2017/04/26","12:35:47","144.20","8884209"
"AAPL","2017/04/26","12:36:48","144.19","8901553"
"AAPL","2017/04/26","12:37:48","144.19","8914522"
"AAPL","2017/04/26","12:38:49","144.16","8941328"
"AAPL","2017/04/26","12:39:49","144.18","8953618"
"AAPL","2017/04/26","12:40:50","144.18","8965026"
"AAPL","2017/04/26","12:41:50","144.11","8984157"
"AAPL","2017/04/26","12:42:51","144.11","9004984"
"AAPL","2017/04/26","12:43:51","144.12","9015651"
"AAPL","2017/04/26","12:44:51","144.09","9024624"
"AAPL","2017/04/26","12:45:52","144.06","9041813"
"AAPL","2017/04/26","12:46:53","144.06","9055344"
"AAPL","2017/04/26","12:47:53","144.07","9073385"
"AAPL","2017/04/26","12:48:54","144.10","9090734"
"AAPL","2017/04/26","12:49:55","144.13","9104796"
"AAPL","2017/04/26","12:50:55","144.10","9121236"
"AAPL","2017/04/26","12:51:55","144.10","9132421"
"AAPL","2017/04/26","12:52:57","144.06","9145417"
"AAPL","2017/04/26","12:53:58","144.11","9157066"
"AAPL","2017/04/26","12:54:58","144.11","9179802"
"AAPL","2017/04/26","12:55:59","144.11","9201135"
"AAPL","2017/04/26","12:56:59","144.12","9209953"
"AAPL","2017/04/26","12:58:00","144.11","9231220"
"AAPL","2017/04/26","12:59:00","144.05","9252604"
"AAPL","2017/04/26","13:00:00","144.05","9277696"
"AAPL","2017/04/26","13:01:01","144.09","9292151"
"AAPL","2017/04/26","13:02:03","144.13","9311129"
"AAPL","2017/04/26","13:03:04","144.11","9322420"
"AAPL","2017/04/26","13:04:05","144.01","9363673"
"AAPL","2017/04/26","13:05:11","143.97","9416822"
"AAPL","2017/04/26","13:06:13","144.07","9443889"
"AAPL","2017/04/26","13:07:14","144.02","9481000"
"AAPL","2017/04/26","13:08:18","144.06","9504923"
"AAPL","2017/04/26","13:09:18","144.03","9520772"
"AAPL","2017/04/26","13:10:20","144.08","9553920"
"AAPL","2017/04/26","13:26:16","144.01","9860728"
"AAPL","2017/04/26","13:27:17","144.04","9886713"
"AAPL","2017/04/26","13:28:18","144.05","9900565"
"AAPL","2017/04/26","13:29:18","144.08","9910431"
"AAPL","2017/04/26","13:30:19","144.09","9919329"
"AAPL","2017/04/26","13:31:19","144.11","9957736"
"AAPL","2017/04/26","13:32:20","144.11","9967114"
"AAPL","2017/04/26","13:33:20","144.08","9998576"
"AAPL","2017/04/26","13:34:21","144.08","10017279"
"AAPL","2017/04/26","13:35:21","144.07","10058460"
"AAPL","2017/04/26","13:36:25","144.11","10088266"
"AAPL","2017/04/26","13:37:25","144.11","10102070"
"AAPL","2017/04/26","13:38:26","144.15","10132796"
"AAPL","2017/04/26","13:39:26","144.13","10149143"
"AAPL","2017/04/26","13:40:27","144.13","10157540"
"AAPL","2017/04/26","13:41:27","144.12","10175777"
"AAPL","2017/04/26","13:42:28","144.13","10213628"
"AAPL","2017/04/26","14:52:09","144.09","13494490"
"AAPL","2017/04/26","14:53:10","144.07","13517499"
"AAPL","2017/04/26","14:54:10","144.08","13533455"
"AAPL","2017/04/26","14:55:11","144.09","13543299"
"AAPL","2017/04/26","14:56:11","144.08","13567221"
"AAPL","2017/04/26","14:57:15","144.06","13603229"
"AAPL","2017/04/26","14:58:19","144.06","13634524"
"AAPL","2017/04/26","14:59:20","144.03","13656681"
"AAPL","2017/04/26","15:00:21","144.06","13688813"
"AAPL","2017/04/26","15:01:24","144.04","13715798"
"AAPL","2017/04/26","15:02:28","144.03","13782677"
"AAPL","2017/04/26","15:03:28","144.02","13802411"
"AAPL","2017/04/26","15:04:30","144.03","13847253"
"AAPL","2017/04/26","15:05:30","144.05","13873284"
"AAPL","2017/04/26","15:06:31","144.05","13899334"
"AAPL","2017/04/26","15:07:31","144.03","36764"
"AAPL","2017/04/26","15:08:34","144.02","73153"
"AAPL","2017/04/26","15:09:37","144.02","95095"
"AAPL","2017/04/26","15:10:38","144.00","137586"
"AAPL","2017/04/26","15:11:39","144.01","151660"
"AAPL","2017/04/26","15:12:39","143.96","180990"
"AAPL","2017/04/26","15:13:42","143.97","240196"
"AAPL","2017/04/26","15:14:46","143.94","264813"
"AAPL","2017/04/26","15:15:46","143.92","340553"
"AAPL","2017/04/26","15:16:47","143.98","365974"
"AAPL","2017/04/26","15:17:48","143.98","385355"
"AAPL","2017/04/26","15:18:48","144.03","441660"
"AAPL","2017/04/26","15:19:49","144.04","474779"
"AAPL","2017/04/26","15:20:50","144.02","494674"
"AAPL","2017/04/26","15:21:51","144.08","586612"
"AAPL","2017/04/26","15:22:52","144.07","600080"
"AAPL","2017/04/26","15:23:52","144.06","621121"
"AAPL","2017/04/26","15:24:53","144.09","660314"
"AAPL","2017/04/26","15:25:54","144.08","688159"
"AAPL","2017/04/26","15:26:54","144.08","712765"
"AAPL","2017/04/26","15:27:56","144.08","754868"
"AAPL","2017/04/26","15:28:57","144.07","787636"
"AAPL","2017/04/26","15:29:57","144.08","812406"
"AAPL","2017/04/26","15:30:59","143.99","840418"
"AAPL","2017/04/26","15:31:59","144.03","880530"
"AAPL","2017/04/26","15:32:59","144.08","995120"
"AAPL","2017/04/26","15:34:00","144.06","1022555"
"AAPL","2017/04/26","15:35:01","144.00","1040676"
"AAPL","2017/04/26","15:36:02","144.06","1069279"
"AAPL","2017/04/26","16:00:03","143.69","2577398"
"AAPL","2017/04/26","16:01:05","143.61","2678187"
"AAPL","2017/04/26","16:02:05","143.66","2756458"
"AAPL","2017/04/26","16:03:08","143.62","2802348"
"AAPL","2017/04/26","16:04:10","143.64","2861020"
"AAPL","2017/04/26","16:05:19","143.65","2977101"
"AAPL","2017/04/26","16:06:21","143.54","3101315"
"AAPL","2017/04/27","10:36:29","143.61","3175367"
"AAPL","2017/04/27","10:37:30","143.55","3216704"
"AAPL","2017/04/27","10:38:32","143.52","3266380"
"AAPL","2017/04/27","10:39:33","143.52","3287704"
"AAPL","2017/04/27","10:40:33","143.52","3307755"
"AAPL","2017/04/27","10:41:34","143.53","3330014"
"AAPL","2017/04/27","10:42:34","143.47","3386338"
"AAPL","2017/04/27","10:43:37","143.43","3446681"
"AAPL","2017/04/27","10:44:38","143.34","3521754"
"AAPL","2017/04/27","10:45:38","143.46","3596474"
"AAPL","2017/04/27","10:46:39","143.54","3638657"
"AAPL","2017/04/27","10:47:40","143.49","3662274"
"AAPL","2017/04/27","10:48:40","143.52","3683309"
"AAPL","2017/04/27","10:49:42","143.55","3702172"
"AAPL","2017/04/27","10:50:42","143.55","3716728"
"AAPL","2017/04/27","10:51:43","143.58","3753043"
"AAPL","2017/04/27","10:52:43","143.61","3782145"
"AAPL","2017/04/27","10:53:47","143.57","3810585"
"AAPL","2017/04/27","10:54:47","143.58","3832268"
"AAPL","2017/04/27","10:55:48","143.59","3859081"
"AAPL","2017/04/27","10:56:48","143.53","3874998"
"AAPL","2017/04/27","10:57:49","143.51","3897977"
"AAPL","2017/04/27","10:58:50","143.50","3928182"
"AAPL","2017/04/27","10:59:50","143.46","3976056"
"AAPL","2017/04/27","11:00:51","143.46","3998898"
"AAPL","2017/04/27","11:01:52","143.47","4020563"
"AAPL","2017/04/27","11:02:52","143.47","4035236"
"AAPL","2017/04/27","11:03:53","143.43","4058341"
"AAPL","2017/04/27","11:04:53","143.37","4141486"
"AAPL","2017/04/27","11:05:54","143.45","4197332"
"AAPL","2017/04/27","11:06:54","143.36","4241250"
"AAPL","2017/04/27","11:07:55","143.40","4287152"
"AAPL","2017/04/27","11:08:55","143.42","4308902"
"AAPL","2017/04/27","11:09:56","143.44","4346210"
"AAPL","2017/04/27","11:10:56","143.38","4374073"
"AAPL","2017/04/27","11:11:57","143.37","4402053"
"AAPL","2017/04/27","11:12:59","143.38","4458566"
"AAPL","2017/04/27","11:14:00","143.42","4474141"
"AAPL","2017/04/27","11:15:00","143.37","4498434"
"AAPL","2017/04/27","11:16:01","143.44","4535048"
"AAPL","2017/04/27","11:17:03","143.45","4566625"
"AAPL","2017/04/27","11:18:08","143.46","4596019"
"AAPL","2017/04/27","11:19:13","143.50","4652059"
"AAPL","2017/04/27","11:20:13","143.50","4684151"
"AAPL","2017/04/27","11:21:17","143.49","4720943"
"AAPL","2017/04/27","11:22:19","143.42","4772713"
"AAPL","2017/04/27","11:23:19","143.40","4804183"
"AAPL","2017/04/27","11:24:20","143.38","4822840"
"AAPL","2017/04/27","11:25:21","143.40","4849880"
"AAPL","2017/04/27","11:26:22","143.38","4884885"
"AAPL","2017/04/27","11:27:22","143.48","4925785"
"AAPL","2017/04/27","11:28:23","143.49","4947159"
"AAPL","2017/04/27","11:29:24","143.55","4977173"
"AAPL","2017/04/27","11:30:24","143.52","5013572"
"AAPL","2017/04/27","11:31:27","143.51","5043793"
"AAPL","2017/04/27","11:32:29","143.50","5084894"
"AAPL","2017/04/27","11:33:30","143.50","5108665"
"AAPL","2017/04/27","11:34:33","143.51","5122361"
"AAPL","2017/04/27","11:35:36","143.48","5142363"
"AAPL","2017/04/27","11:36:39","143.50","5166382"
"AAPL","2017/04/27","11:37:39","143.50","5186272"
"AAPL","2017/04/27","11:38:40","143.49","5204292"
"AAPL","2017/04/27","11:39:41","143.47","5255213"
"AAPL","2017/04/27","11:40:41","143.50","5267818"
"AAPL","2017/04/27","11:41:42","143.51","5295148"
"AAPL","2017/04/27","11:42:42","143.51","5322959"
"AAPL","2017/04/27","11:43:43","143.48","5353566"
"AAPL","2017/04/27","11:44:44","143.41","5390018"
"AAPL","2017/04/27","11:45:45","143.47","5416146"
"AAPL","2017/04/27","11:46:45","143.49","5434090"
"AAPL","2017/04/27","11:47:46","143.54","5464498"
"AAPL","2017/04/27","11:48:46","143.48","5492077"
"AAPL","2017/04/27","11:49:47","143.51","5527435"
"AAPL","2017/04/27","11:50:47","143.53","5545894"
"AAPL","2017/04/27","11:51:49","143.53","5558052"
"AAPL","2017/04/27","11:52:50","143.48","5576784"
"AAPL","2017/04/27","11:53:50","143.48","5585692"
"AAPL","2017/04/27","11:54:51","143.49","5598122"
"AAPL","2017/04/27","12:31:55","143.63","6395738"
"AAPL","2017/04/27","12:32:55","143.63","6407436"
"AAPL","2017/04/27","12:33:56","143.62","6422816"
"AAPL","2017/04/27","12:34:57","143.64","6431467"
"AAPL","2017/04/27","12:35:58","143.64","6441659"
"AAPL","2017/04/27","12:36:58","143.62","6456403"
"AAPL","2017/04/27","12:37:59","143.62","6472257"
"AAPL","2017/04/27","12:38:59","143.65","6496867"
"AAPL","2017/04/27","12:40:00","143.67","6513795"
"AAPL","2017/04/27","12:41:01","143.66","6529716"
"AAPL","2017/04/27","12:42:02","143.65","6547381"
"AAPL","2017/04/27","12:43:03","143.64","6568489"
"AAPL","2017/04/27","12:44:03","143.65","6581917"
"AAPL","2017/04/27","12:45:04","143.67","6588540"
"AAPL","2017/04/27","12:46:05","143.65","6604344"
"AAPL","2017/04/27","12:47:07","143.67","6615969"
"AAPL","2017/04/27","12:48:13","143.65","6644612"
"AAPL","2017/04/27","12:49:16","143.63","6667875"
"AAPL","2017/04/27","12:50:18","143.62","6680304"
"AAPL","2017/04/27","12:51:23","143.61","6714830"
"AAPL","2017/04/27","12:52:23","143.61","6728688"
"AAPL","2017/04/27","12:53:24","143.61","6747097"
"AAPL","2017/04/27","12:54:24","143.65","6771340"
"AAPL","2017/04/27","12:55:25","143.70","6787510"
"AAPL","2017/04/27","12:56:26","143.73","6817539"
"AAPL","2017/04/27","12:57:27","143.73","6834286"
"AAPL","2017/04/27","12:58:27","143.68","6847816"
"AAPL","2017/04/27","12:59:28","143.70","6858292"
"AAPL","2017/04/27","13:00:28","143.70","6878721"
"AAPL","2017/04/27","13:01:29","143.76","6911898"
"AAPL","2017/04/27","13:02:29","143.73","6924077"
"AAPL","2017/04/27","13:03:30","143.74","6938835"
"AAPL","2017/04/27","13:04:31","143.75","6957501"
"AAPL","2017/04/27","13:05:32","143.76","6974193"
"AAPL","2017/04/27","13:06:32","143.79","7003401"
"AAPL","2017/04/27","13:07:33","143.77","7016359"
"AAPL","2017/04/27","13:08:35","143.76","7028537"
"AAPL","2017/04/27","13:09:36","143.81","7054655"
"AAPL","2017/04/27","13:10:37","143.84","7101230"
"AAPL","2017/04/27","13:11:38","143.84","7126715"
"AAPL","2017/04/27","13:12:38","143.85","7153602"
"AAPL","2017/04/27","13:13:39","143.87","7172818"
"AAPL","2017/04/27","13:14:39","143.86","7184015"
"AAPL","2017/04/27","13:15:40","143.85","7232472"
"AAPL","2017/04/27","13:16:40","143.86","7253613"
"AAPL","2017/04/27","13:17:46","143.87","7264555"
"AAPL","2017/04/27","13:18:46","143.85","7281504"
"AAPL","2017/04/27","13:19:47","143.87","7295501"
"AAPL","2017/04/27","13:20:47","143.85","7310458"
"AAPL","2017/04/27","13:21:49","143.84","7317381"
"AAPL","2017/04/27","13:22:49","143.85","7332377"
"AAPL","2017/04/27","13:23:50","143.84","7342612"
"AAPL","2017/04/27","13:24:50","143.84","7347667"
"AAPL","2017/04/27","13:25:51","143.84","7375960"
"AAPL","2017/04/27","13:26:52","143.86","7387031"
"AAPL","2017/04/27","13:30:42","143.81","7441868"
"AAPL","2017/04/27","13:31:43","143.81","7448511"
"AAPL","2017/04/27","13:32:46","143.83","7466181"
"AAPL","2017/04/27","13:33:47","143.76","7481836"
"AAPL","2017/04/27","13:34:47","143.75","7494617"
"AAPL","2017/04/27","13:35:48","143.78","7522656"
"AAPL","2017/04/27","13:36:48","143.80","7532774"
"AAPL","2017/04/27","13:37:49","143.83","7557969"
"AAPL","2017/04/27","13:38:49","143.81","7603622"
"AAPL","2017/04/27","13:39:50","143.79","7620975"
"AAPL","2017/04/27","13:40:50","143.80","7637326"
"AAPL","2017/04/27","13:41:51","143.82","7647433"
"AAPL","2017/04/27","13:42:51","143.84","7656839"
"AAPL","2017/04/27","13:43:52","143.81","7668904"
"AAPL","2017/04/27","13:44:52","143.81","7684464"
"AAPL","2017/04/27","13:45:53","143.82","7703521"
"AAPL","2017/04/27","13:46:53","143.81","7714961"
"AAPL","2017/04/27","13:47:54","143.78","7724421"
"AAPL","2017/04/27","13:48:54","143.75","7740304"
"AAPL","2017/04/27","13:49:55","143.73","7756890"
"AAPL","2017/04/27","13:50:55","143.73","7763911"
"AAPL","2017/04/27","13:51:55","143.77","7776161"
"AAPL","2017/04/27","13:52:56","143.74","7782089"
"AAPL","2017/04/27","13:53:57","143.74","7795968"
"AAPL","2017/04/27","13:54:57","143.76","7803631"
"AAPL","2017/04/27","13:55:58","143.76","7816477"
"AAPL","2017/04/27","13:56:58","143.76","7826905"
"AAPL","2017/04/27","13:57:58","143.77","7832248"
"AAPL","2017/04/27","13:58:59","143.79","7843837"
"AAPL","2017/04/27","14:00:00","143.75","7860879"
"AAPL","2017/04/27","14:01:05","143.76","7874555"
"AAPL","2017/04/27","14:02:07","143.79","7894241"
"AAPL","2017/04/27","14:03:07","143.77","7898866"
"AAPL","2017/04/27","14:04:12","143.75","7912461"
"AAPL","2017/04/27","14:05:13","143.74","7922722"
"AAPL","2017/04/27","14:06:17","143.75","7943807"
"AAPL","2017/04/27","14:07:22","143.74","7950953"
"AAPL","2017/04/27","14:08:22","143.76","7958001"
"AAPL","2017/04/27","14:09:23","143.74","7968304"
"AAPL","2017/04/27","14:10:23","143.76","7975173"
"AAPL","2017/04/27","14:11:25","143.78","7983224"
"AAPL","2017/04/27","14:12:27","143.79","8004236"
"AAPL","2017/04/27","14:13:27","143.79","8012229"
"AAPL","2017/04/27","14:14:28","143.81","8025703"
"AAPL","2017/04/27","14:15:29","143.81","8035673"
"AAPL","2017/04/27","14:16:30","143.79","8042151"
"AAPL","2017/04/27","14:17:31","143.81","8050908"
"AAPL","2017/04/27","14:18:32","143.80","8060204"
"AAPL","2017/04/27","14:19:34","143.80","8080453"
"AAPL","2017/04/27","14:20:35","143.77","8088167"
"AAPL","2017/04/27","14:21:36","143.77","8109039"
"AAPL","2017/04/27","14:22:39","143.79","8126082"
"AAPL","2017/04/27","14:23:40","143.78","8143198"
"AAPL","2017/04/27","14:24:40","143.78","8156607"
"AAPL","2017/04/27","14:25:41","143.80","8180099"
"AAPL","2017/04/27","14:26:41","143.78","8193294"
"AAPL","2017/04/27","14:27:42","143.79","8198929"
"AAPL","2017/04/27","14:28:42","143.81","8221617"
"AAPL","2017/04/27","14:29:43","143.75","8289199"
"AAPL","2017/04/27","14:30:43","143.76","8317799"
"AAPL","2017/04/27","14:31:43","143.77","8330439"
"AAPL","2017/04/27","14:32:44","143.78","8337903"
"AAPL","2017/04/27","14:33:45","143.77","8345556"
"AAPL","2017/04/27","14:34:46","143.79","8361132"
"AAPL","2017/04/27","14:35:50","143.79","8368956"
"AAPL","2017/04/27","14:36:50","143.79","8373397"
"AAPL","2017/04/27","14:37:51","143.75","8387867"
"AAPL","2017/04/27","14:38:51","143.69","8420427"
"AAPL","2017/04/27","14:39:52","143.67","8461074"
"AAPL","2017/04/27","14:40:52","143.61","8499017"
"AAPL","2017/04/27","14:41:53","143.64","8533872"
"AAPL","2017/04/27","14:42:54","143.65","8541503"
"AAPL","2017/04/27","14:43:54","143.69","8568139"
"AAPL","2017/04/27","14:44:55","143.67","8589028"
"AAPL","2017/04/27","14:45:56","143.74","8630564"
"AAPL","2017/04/27","14:46:56","143.76","8648652"
"AAPL","2017/04/27","14:47:57","143.78","8666885"
"AAPL","2017/04/27","14:48:58","143.79","8682819"
"AAPL","2017/04/27","14:49:58","143.80","8698074"
"AAPL","2017/04/27","14:50:59","143.80","8700808"
"AAPL","2017/04/27","14:52:00","143.80","8722010"
"AAPL","2017/04/27","14:53:00","143.77","8739384"
"AAPL","2017/04/27","14:54:01","143.78","8755010"
"AAPL","2017/04/27","14:55:02","143.79","8760769"
"AAPL","2017/04/27","14:56:05","143.78","8771545"
"AAPL","2017/04/27","14:57:12","143.76","8785397"
"AAPL","2017/04/27","14:58:13","143.77","8801943"
"AAPL","2017/04/27","14:59:16","143.79","8813735"
"AAPL","2017/04/27","15:00:17","143.79","8832159"
"AAPL","2017/04/27","15:01:20","143.79","8860332"
"AAPL","2017/04/27","15:02:21","143.79","8874786"
"AAPL","2017/04/27","15:03:23","143.78","8883709"
"AAPL","2017/04/27","15:04:24","143.78","8891173"
"AAPL","2017/04/27","15:05:29","143.78","8904842"
"AAPL","2017/04/27","15:06:29","143.72","8924880"
"AAPL","2017/04/27","15:07:31","143.72","8939857"
"AAPL","2017/04/27","15:08:32","143.73","8959814"
"AAPL","2017/04/27","15:09:33","143.71","8975697"
"AAPL","2017/04/27","15:10:34","143.73","8990760"
"AAPL","2017/04/27","15:11:34","143.72","9002728"
"AAPL","2017/04/27","15:12:35","143.74","9019397"
"AAPL","2017/04/27","15:13:35","143.77","9032568"
"AAPL","2017/04/27","15:14:35","143.77","9037704"
"AAPL","2017/04/27","15:15:39","143.73","9068485"
"AAPL","2017/04/27","15:16:40","143.75","9082431"
"AAPL","2017/04/27","15:17:40","143.76","9096504"
"AAPL","2017/04/27","15:18:41","143.69","9146178"
"AAPL","2017/04/27","15:19:42","143.70","9188103"
"AAPL","2017/04/27","15:20:42","143.69","9203144"
"AAPL","2017/04/27","15:21:44","143.66","9235369"
"AAPL","2017/04/27","15:22:45","143.59","9288760"
"AAPL","2017/04/27","15:23:49","143.52","9356632"
"AAPL","2017/04/27","15:24:50","143.60","9385814"
"AAPL","2017/04/27","15:25:51","143.64","9429607"
"AAPL","2017/04/27","15:26:52","143.65","9449615"
"AAPL","2017/04/27","15:27:52","143.64","9470226"
"AAPL","2017/04/27","15:28:53","143.70","9482809"
"AAPL","2017/04/27","15:29:55","143.69","9505440"
"AAPL","2017/04/27","15:30:58","143.71","9526986"
"AAPL","2017/04/27","15:31:58","143.68","9544583"
"AAPL","2017/04/27","15:32:59","143.72","9565946"
"AAPL","2017/04/27","15:33:59","143.69","9585961"
"AAPL","2017/04/27","15:35:00","143.67","9597868"
"AAPL","2017/04/27","15:36:00","143.71","9620353"
"AAPL","2017/04/27","15:37:01","143.75","9642351"
"AAPL","2017/04/27","15:38:01","143.73","9666806"
"AAPL","2017/04/27","15:39:01","143.73","9675448"
"AAPL","2017/04/27","15:40:02","143.75","9693121"
"AAPL","2017/04/27","15:41:06","143.74","9720172"
"AAPL","2017/04/27","15:42:09","143.74","9733537"
"AAPL","2017/04/27","15:43:12","143.77","9749631"
"AAPL","2017/04/27","15:44:15","143.76","9778157"
"AAPL","2017/04/27","15:45:19","143.77","9826391"
"AAPL","2017/04/27","15:46:20","143.84","9859352"
"AAPL","2017/04/27","15:47:20","143.86","9902262"
"AAPL","2017/04/27","15:48:21","143.86","9938610"
"AAPL","2017/04/27","15:49:23","143.85","9955757"
"AAPL","2017/04/27","15:50:23","143.73","10101659"
"AAPL","2017/04/27","15:51:24","143.77","10134458"
"AAPL","2017/04/27","15:52:24","143.72","10156523"
"AAPL","2017/04/27","15:53:25","143.72","10202380"
"AAPL","2017/04/27","15:54:28","143.75","10228626"
"AAPL","2017/04/27","15:55:31","143.77","10253736"
"AAPL","2017/04/27","15:56:31","143.79","10283903"
"AAPL","2017/04/27","15:57:35","143.82","10309254"
"AAPL","2017/04/27","15:58:36","143.82","10346511"
"AAPL","2017/04/27","15:59:38","143.85","10370941"
"AAPL","2017/04/27","16:00:38","143.85","10437428"
"AAPL","2017/04/27","16:01:39","143.80","10482493"
"AAPL","2017/04/27","16:02:39","143.83","10519079"
"AAPL","2017/04/27","16:03:40","143.75","10582383"
"AAPL","2017/04/27","16:04:41","143.74","10630795"
"AAPL","2017/04/27","16:05:41","143.65","10710516"
"AAPL","2017/04/27","16:06:42","143.63","10797416"
"AAPL","2017/04/27","16:07:42","143.64","10893188"
"AAPL","2017/04/27","16:08:43","143.66","11003389"
"AAPL","2017/04/27","16:09:43","143.67","11091769"
"AAPL","2017/04/27","16:10:44","143.68","11170008"
"AAPL","2017/04/27","16:11:45","143.69","11243504"
"AAPL","2017/04/27","16:12:46","143.64","11330636"
"AAPL","2017/04/27","16:13:46","143.61","11643520"
"AAPL","2017/04/27","16:14:47","143.75","11902020"
"AAPL","2017/04/27","16:15:48","143.79","13894265"
"AAPL","2017/04/27","16:16:48","143.79","13894915"
"AAPL","2017/04/27","16:17:49","143.79","13901922"
"AAPL","2017/04/27","16:18:49","143.79","13914456"
"AAPL","2017/04/27","16:19:50","143.79","13916420"
"AAPL","2017/04/27","16:20:51","143.79","13916720"
"AAPL","2017/04/27","16:21:51","143.79","13918112"
"AAPL","2017/04/27","16:22:51","143.79","13919837"
"AAPL","2017/04/27","16:30:42","143.79","13995720"
"AAPL","2017/04/27","16:31:42","143.79","14013777"
"AAPL","2017/04/27","16:32:43","143.79","14013899"
"AAPL","2017/04/27","16:33:43","143.79","14019068"
"AAPL","2017/04/27","16:34:43","143.79","14022134"
"AAPL","2017/04/27","16:35:44","143.79","14024410"
"AAPL","2017/04/27","16:36:44","143.79","14025310"
"AAPL","2017/04/27","16:37:45","143.79","14027116"
"AAPL","2017/04/27","16:38:45","143.79","14027116"
"AAPL","2017/04/27","16:39:46","143.79","14027275"
"AAPL","2017/04/27","16:40:46","143.79","14027716"
"AAPL","2017/04/27","16:41:47","143.79","14028271"
"AAPL","2017/04/27","16:42:47","143.79","14035475"
"AAPL","2017/04/27","16:43:48","143.79","14037678"
"AAPL","2017/04/27","16:44:48","143.79","14055560"
"AAPL","2017/04/27","16:45:48","143.79","14107562"
"AAPL","2017/04/27","16:46:49","143.79","14110524"
"AAPL","2017/04/27","16:47:49","143.79","14111015"
"AAPL","2017/04/27","16:48:50","143.79","14111916"
"AAPL","2017/04/27","16:49:50","143.79","14112455"
"AAPL","2017/04/27","16:50:50","143.79","14113475"
"AAPL","2017/04/27","16:51:51","143.79","14113775"
"AAPL","2017/04/27","16:52:52","143.79","14114263"
"AAPL","2017/04/27","16:53:52","143.79","14114285"
"AAPL","2017/04/27","16:54:53","143.79","14115848"
"AAPL","2017/04/27","16:55:53","143.79","14115983"
"AAPL","2017/04/27","16:56:54","143.79","14116085"
"AAPL","2017/04/27","16:57:54","143.79","14116141"
"AAPL","2017/04/27","16:58:55","143.79","14123674"
"AAPL","2017/04/27","16:59:56","143.79","14130176"
"AAPL","2017/04/27","17:00:56","143.79","14152946"
"AAPL","2017/04/27","17:01:57","143.79","14152948"
"AAPL","2017/04/27","17:02:58","143.79","14153348"
"AAPL","2017/04/27","17:03:59","143.79","14153368"
"AAPL","2017/04/27","17:04:59","143.79","14153676"
"AAPL","2017/04/27","17:06:00","143.79","14155176"
"AAPL","2017/04/27","17:07:00","143.79","14173272"
"AAPL","2017/04/27","17:08:01","143.79","14173311"
"AAPL","2017/04/27","17:09:01","143.79","14173313"
"AAPL","2017/04/27","17:10:02","143.79","14175076"
"AAPL","2017/04/27","17:11:02","143.79","14175576"
"AAPL","2017/04/27","17:12:03","143.79","14176155"
"AAPL","2017/04/27","17:13:03","143.79","14176756"
"AAPL","2017/04/27","17:14:04","143.79","14176778"
"AAPL","2017/04/27","17:15:05","143.79","14176936"
"AAPL","2017/04/27","17:16:07","143.79","14176969"
"AAPL","2017/04/27","17:17:07","143.79","14177082"
"AAPL","2017/04/27","17:18:08","143.79","14178566"
"AAPL","2017/04/27","17:19:09","143.79","14178566"
"AAPL","2017/04/27","17:20:11","143.79","14179135"
"AAPL","2017/04/27","17:21:12","143.79","14181708"
"AAPL","2017/04/27","17:22:14","143.79","14181908"
"AAPL","2017/04/27","17:23:14","143.79","14181990"
"AAPL","2017/04/27","17:24:16","143.79","14182019"
"AAPL","2017/04/27","17:25:19","143.79","14182029"
"AAPL","2017/04/27","17:26:21","143.79","14182446"
"AAPL","2017/04/27","17:27:23","143.79","14182446"
"AAPL","2017/04/27","17:28:24","143.79","14182476"
"AAPL","2017/04/27","17:29:24","143.79","14183707"
"AAPL","2017/04/27","17:30:25","143.79","14184561"
"AAPL","2017/04/27","17:31:29","143.79","14184648"
"AAPL","2017/04/27","17:32:29","143.79","14189856"
"AAPL","2017/04/27","17:33:30","143.79","14190771"
"AAPL","2017/04/27","17:34:30","143.79","14190771"
"AAPL","2017/04/27","17:35:31","143.79","14190771"
"AAPL","2017/04/27","17:36:32","143.79","14190771"
"AAPL","2017/04/27","17:37:32","143.79","14191173"
"AAPL","2017/04/27","17:38:34","143.79","14191481"
"AAPL","2017/04/27","17:39:35","143.79","14191971"
"AAPL","2017/04/27","17:40:36","143.79","14196026"
"AAPL","2017/04/27","17:41:36","143.79","14196106"
"AAPL","2017/04/27","17:42:37","143.79","14198053"
"AAPL","2017/04/27","17:43:37","143.79","14198964"
"AAPL","2017/04/27","17:44:38","143.79","14198983"
"AAPL","2017/04/27","17:45:38","143.79","14199233"
"AAPL","2017/04/27","17:46:39","143.79","14199233"
"AAPL","2017/04/27","17:47:40","143.79","14199433"
"AAPL","2017/04/27","17:48:41","143.79","14199733"
"AAPL","2017/04/27","17:49:41","143.79","14199753"
"AAPL","2017/04/27","17:50:42","143.79","14199753"
"AAPL","2017/04/27","17:51:43","143.79","14200063"
"AAPL","2017/04/27","17:52:43","143.79","14200064"
"AAPL","2017/04/27","17:53:44","143.79","14200064"
"AAPL","2017/04/27","17:54:46","143.79","14200365"
"AAPL","2017/04/27","17:55:46","143.79","14206970"
"AAPL","2017/04/27","17:56:47","143.79","14206970"
"AAPL","2017/04/27","17:57:47","143.79","14207137"
"AAPL","2017/04/27","17:58:48","143.79","14207637"
"AAPL","2017/04/27","17:59:51","143.79","14207643"
"AAPL","2017/04/27","18:00:51","143.79","14207643"
"AAPL","2017/04/27","18:01:52","143.79","14207798"
"AAPL","2017/04/27","18:02:53","143.79","14207840"
"AAPL","2017/04/27","18:03:54","143.79","14208043"
"AAPL","2017/04/27","18:04:54","143.79","14208958"
"AAPL","2017/04/27","18:05:55","143.79","14208978"
"AAPL","2017/04/27","18:06:57","143.79","14210778"
"AAPL","2017/04/27","18:07:57","143.79","14210918"
"AAPL","2017/04/27","18:08:58","143.79","14210918"
"AAPL","2017/04/27","18:09:59","143.79","14211618"
"AAPL","2017/04/27","18:10:59","143.79","14211619"
"AAPL","2017/04/27","18:12:00","143.79","14211619"
"AAPL","2017/04/27","18:13:01","143.79","14212643"
"AAPL","2017/04/27","18:14:02","143.79","14213593"
"AAPL","2017/04/27","18:15:06","143.79","14213943"
"AAPL","2017/04/27","18:16:07","143.79","14214143"
"AAPL","2017/04/27","18:17:08","143.79","14214643"
"AAPL","2017/04/27","18:18:10","143.79","14218182"
"AAPL","2017/04/27","18:19:13","143.79","14218182"
"AAPL","2017/04/27","18:20:15","143.79","14218487"
"AAPL","2017/04/27","18:21:16","143.79","14218487"
"AAPL","2017/04/27","18:22:17","143.79","14218687"
"AAPL","2017/04/27","18:23:18","143.79","14218687"
"AAPL","2017/04/27","18:24:20","143.79","14218737"
"AAPL","2017/04/27","18:25:21","143.79","14218757"
"AAPL","2017/04/27","18:26:25","143.79","14218757"
"AAPL","2017/04/27","18:27:28","143.79","14218757"
"AAPL","2017/04/27","18:28:30","143.79","14220057"
"AAPL","2017/04/27","18:29:31","143.79","14223992"
"AAPL","2017/04/27","18:30:31","143.79","14224992"
"AAPL","2017/04/27","18:31:32","143.79","14224997"
"AAPL","2017/04/27","18:32:32","143.79","14225087"
"AAPL","2017/04/27","18:33:34","143.79","14225087"
"AAPL","2017/04/27","18:34:36","143.79","14225087"
"AAPL","2017/04/27","18:35:38","143.79","14225287"
"AAPL","2017/04/27","18:36:39","143.79","14225487"
"AAPL","2017/04/27","18:37:40","143.79","14225992"
"AAPL","2017/04/27","18:38:40","143.79","14226792"
"AAPL","2017/04/27","18:39:41","143.79","14226792"
"AAPL","2017/04/27","18:40:41","143.79","14227392"
"AAPL","2017/04/27","18:41:41","143.79","14227392"
"AAPL","2017/04/27","18:42:42","143.79","14227392"
"AAPL","2017/04/27","18:43:43","143.79","14227392"
"AAPL","2017/04/27","18:44:43","143.79","14230042"
"AAPL","2017/04/27","18:45:44","143.79","14230042"
"AAPL","2017/04/27","18:46:45","143.79","14230142"
"AAPL","2017/04/27","18:47:45","143.79","14230242"
"AAPL","2017/04/27","18:48:46","143.79","14230542"
"AAPL","2017/04/27","18:49:49","143.79","14231728"
"AAPL","2017/04/27","18:50:50","143.79","14231774"
"AAPL","2017/04/27","18:51:50","143.79","14231774"
"AAPL","2017/04/27","18:52:51","143.79","14231774"
"AAPL","2017/04/27","18:53:51","143.79","14231774"
"AAPL","2017/04/27","18:54:52","143.79","14231774"
"AAPL","2017/04/27","18:55:52","143.79","14231774"
"AAPL","2017/04/27","18:56:53","143.79","14232510"
"AAPL","2017/04/27","18:57:53","143.79","14232510"
"AAPL","2017/04/27","19:10:31","143.79","14232875"
"AAPL","2017/04/27","19:11:32","143.79","14233875"
"AAPL","2017/04/27","19:12:34","143.79","14233875"
"AAPL","2017/04/27","19:13:34","143.79","14234175"
"AAPL","2017/04/27","19:14:38","143.79","14235425"
"AAPL","2017/04/27","19:15:43","143.79","14235925"
"AAPL","2017/04/27","19:16:44","143.79","14235925"
"AAPL","2017/04/27","19:17:45","143.79","14236125"
"AAPL","2017/04/27","19:18:45","143.79","14236125"
"AAPL","2017/04/27","19:19:45","143.79","14236125"
"AAPL","2017/04/27","19:20:46","143.79","14236125"
"AAPL","2017/04/27","19:21:46","143.79","14236925"
"AAPL","2017/04/27","19:22:47","143.79","14236925"
"AAPL","2017/04/27","19:23:48","143.79","14236925"
"AAPL","2017/04/27","19:24:48","143.79","14237225"
"AAPL","2017/04/27","19:25:50","143.79","14237325"
"AAPL","2017/04/27","19:26:51","143.79","14238462"
"AAPL","2017/04/27","19:27:51","143.79","14238462"
"AAPL","2017/04/27","19:28:52","143.79","14238562"
"AAPL","2017/04/27","19:29:52","143.79","14238562"
"AAPL","2017/04/27","19:30:52","143.79","14239447"
"AAPL","2017/04/27","19:31:53","143.79","14239447"
"AAPL","2017/04/27","19:32:54","143.79","14239447"
"AAPL","2017/04/27","19:33:55","143.79","14239448"
"AAPL","2017/04/27","19:34:55","143.79","14239468"
"AAPL","2017/04/27","19:35:56","143.79","14239468"
"AAPL","2017/04/27","19:36:56","143.79","14239468"
"AAPL","2017/04/27","19:37:59","143.79","14239901"
"AAPL","2017/04/27","19:38:59","143.79","14240401"
"AAPL","2017/04/27","19:40:00","143.79","14240423"
"AAPL","2017/04/27","19:41:01","143.79","14240423"
"AAPL","2017/04/27","19:42:01","143.79","14240723"
"AAPL","2017/04/27","19:43:02","143.79","14240723"
"AAPL","2017/04/27","19:44:03","143.79","14240723"
"AAPL","2017/04/27","19:45:04","143.79","14240773"
"AAPL","2017/04/27","19:46:05","143.79","14240823"
"AAPL","2017/04/27","19:47:07","143.79","14242273"
"AAPL","2017/04/27","19:48:08","143.79","14242273"
"AAPL","2017/04/27","19:49:11","143.79","14242273"
"AAPL","2017/04/27","19:50:15","143.79","14242273"
"AAPL","2017/04/27","19:51:20","143.79","14242528"
"AAPL","2017/04/27","19:52:21","143.79","14242573"
"AAPL","2017/04/27","19:53:25","143.79","14242673"
"AAPL","2017/04/27","19:54:26","143.79","14242673"
"AAPL","2017/04/27","19:55:26","143.79","14243873"
"AAPL","2017/04/27","19:56:28","143.79","14244367"
"AAPL","2017/04/27","19:57:31","143.79","14244400"
"AAPL","2017/04/27","19:58:31","143.79","14244401"
"AAPL","2017/04/27","19:59:32","143.79","14245106"
"AAPL","2017/04/27","20:00:32","143.79","14245147"
"AAPL","2017/04/27","20:01:37","143.79","14245147"
"AAPL","2017/04/27","20:02:38","143.79","14245147"
"AAPL","2017/04/27","20:03:38","143.79","14245147"
"AAPL","2017/04/27","20:04:39","143.79","14245147"
"AAPL","2017/04/27","20:05:42","143.79","14245147"
"AAPL","2017/04/27","20:06:43","143.79","14245148"
"AAPL","2017/04/27","20:07:44","143.79","14245148"
"AAPL","2017/04/27","20:08:45","143.79","14245148"
"AAPL","2017/04/27","20:09:45","143.79","14245248"
"AAPL","2017/04/27","20:10:46","143.79","14245256"
"AAPL","2017/04/27","20:11:46","143.79","14245349"
"AAPL","2017/04/27","20:12:46","143.79","14245449"
"AAPL","2017/04/27","20:13:47","143.79","14246337"
"AAPL","2017/04/27","20:14:49","143.79","14246347"
"AAPL","2017/04/27","20:15:49","143.79","14246347"
"AAPL","2017/04/27","20:16:50","143.79","14246347"
"AAPL","2017/04/27","20:17:50","143.79","14246347"
"AAPL","2017/04/27","20:18:51","143.79","14246347"
"AAPL","2017/04/27","20:19:53","143.79","14246347"
"AAPL","2017/04/27","20:20:54","143.79","14246347"
"AAPL","2017/04/27","20:21:55","143.79","14246347"
"AAPL","2017/04/27","20:22:56","143.79","14246347"
"AAPL","2017/04/27","20:23:57","143.79","14246347"
"AAPL","2017/04/27","20:24:58","143.79","14246347"
"AAPL","2017/04/27","20:26:02","143.79","14246347"
"AAPL","2017/04/27","20:27:07","143.79","14246347"
"AAPL","2017/04/27","20:28:07","143.79","14246347"
"AAPL","2017/04/27","20:29:11","143.79","14246347"
