"GE","2017/04/26","10:59:56","29.45","7005669"
"GE","2017/04/26","11:00:57","29.45","7039019"
"GE","2017/04/26","11:01:58","29.44","7064478"
"GE","2017/04/26","11:02:58","29.45","7145804"
"GE","2017/04/26","11:03:59","29.44","7210771"
"GE","2017/04/26","11:04:59","29.43","7249229"
"GE","2017/04/26","11:06:00","29.44","7335013"
"GE","2017/04/26","11:07:00","29.45","7387398"
"GE","2017/04/26","11:08:00","29.45","7476464"
"GE","2017/04/26","11:09:01","29.46","7592017"
"GE","2017/04/26","11:10:02","29.45","7638909"
"GE","2017/04/26","11:11:03","29.46","7694529"
"GE","2017/04/26","11:12:05","29.47","7712140"
"GE","2017/04/26","11:13:06","29.47","7749754"
"GE","2017/04/26","11:14:07","29.46","7812005"
"GE","2017/04/26","11:15:14","29.46","7847385"
"GE","2017/04/26","11:16:16","29.45","7904943"
"GE","2017/04/26","11:17:21","29.45","7929063"
"GE","2017/04/26","11:18:22","29.44","7998377"
"GE","2017/04/26","11:19:23","29.45","8025233"
"GE","2017/04/26","11:20:23","29.44","8038261"
"GE","2017/04/26","11:21:24","29.45","8085668"
"GE","2017/04/26","11:22:24","29.45","8183521"
"GE","2017/04/26","11:23:26","29.44","8200019"
"GE","2017/04/26","11:24:29","29.45","8216436"
"GE","2017/04/26","11:25:29","29.43","8430560"
"GE","2017/04/26","11:26:30","29.44","8483064"
"GE","2017/04/26","11:27:33","29.44","8502116"
"GE","2017/04/26","11:28:34","29.42","8602183"
"GE","2017/04/26","11:29:35","29.41","8670862"
"GE","2017/04/26","11:30:35","29.41","8772367"
"GE","2017/04/26","11:31:37","29.39","8918916"
"GE","2017/04/26","11:32:38","29.40","9757574"
"GE","2017/04/26","11:33:39","29.39","9768439"
"GE","2017/04/26","11:34:40","29.41","9831537"
"GE","2017/04/26","11:35:40","29.40","9726242"
"GE","2017/04/26","11:36:40","29.41","9848921"
"GE","2017/04/26","11:37:41","29.41","10206580"
"GE","2017/04/26","11:38:42","29.41","10444368"
"GE","2017/04/26","11:39:44","29.41","10585494"
"GE","2017/04/26","11:40:45","29.42","10944974"
"GE","2017/04/26","11:41:48","29.44","11394052"
"GE","2017/04/26","11:42:49","29.43","11638836"
"GE","2017/04/26","11:43:49","29.45","11671989"
"GE","2017/04/26","11:44:50","29.46","11724598"
"GE","2017/04/26","11:45:51","29.47","11998598"
"GE","2017/04/26","11:46:51","29.47","12270485"
"GE","2017/04/26","11:47:52","29.47","12323160"
"GE","2017/04/26","11:48:52","29.46","12741390"
"GE","2017/04/26","11:49:53","29.45","12814759"
"GE","2017/04/26","11:50:53","29.46","12890151"
"GE","2017/04/26","11:51:54","29.44","13053216"
"GE","2017/04/26","11:52:54","29.44","13137658"
"GE","2017/04/26","11:53:55","29.45","13173167"
"GE","2017/04/26","11:54:55","29.44","13197870"
"GE","2017/04/26","11:55:59","29.45","13455691"
"GE","2017/04/26","11:56:59","29.45","13523844"
"GE","2017/04/26","11:58:01","29.45","13539224"
"GE","2017/04/26","11:59:01","29.44","13615070"
"GE","2017/04/26","12:00:02","29.42","13657504"
"GE","2017/04/26","12:01:03","29.42","13673631"
"GE","2017/04/26","12:02:04","29.39","13819741"
"GE","2017/04/26","12:03:04","29.39","13876597"
"GE","2017/04/26","12:04:05","29.40","13916510"
"GE","2017/04/26","12:05:06","29.39","14040183"
"GE","2017/04/26","12:06:09","29.39","14088543"
"GE","2017/04/26","12:07:10","29.39","14116840"
"GE","2017/04/26","12:08:12","29.39","14174547"
"GE","2017/04/26","12:09:17","29.38","14220528"
"GE","2017/04/26","12:10:19","29.39","14236021"
"GE","2017/04/26","12:11:19","29.40","14318582"
"GE","2017/04/26","12:12:20","29.42","14376970"
"GE","2017/04/26","12:13:20","29.42","14400729"
"GE","2017/04/26","12:14:21","29.40","14471482"
"GE","2017/04/26","12:15:22","29.40","14500917"
"GE","2017/04/26","12:16:23","29.40","14508782"
"GE","2017/04/26","12:17:24","29.39","14544794"
"GE","2017/04/26","12:18:25","29.41","14618488"
"GE","2017/04/26","12:19:26","29.41","14637364"
"GE","2017/04/26","12:20:26","29.41","14658849"
"GE","2017/04/26","12:21:27","29.42","14669834"
"GE","2017/04/26","12:22:27","29.42","14680096"
"GE","2017/04/26","12:23:31","29.42","14702969"
"GE","2017/04/26","12:24:33","29.41","14811332"
"GE","2017/04/26","12:25:34","29.40","14871631"
"GE","2017/04/26","12:26:34","29.40","14886737"
"GE","2017/04/26","12:27:35","29.40","14910103"
"GE","2017/04/26","12:28:37","29.41","14957754"
"GE","2017/04/26","12:29:39","29.42","14991571"
"GE","2017/04/26","12:30:41","29.42","15003957"
"GE","2017/04/26","12:31:42","29.44","15078353"
"GE","2017/04/26","12:32:45","29.44","15128053"
"GE","2017/04/26","12:33:46","29.44","15224549"
"GE","2017/04/26","12:34:46","29.44","15247831"
"GE","2017/04/26","12:35:47","29.44","15408830"
"GE","2017/04/26","12:36:47","29.45","15448678"
"GE","2017/04/26","12:37:48","29.45","15526253"
"GE","2017/04/26","12:38:48","29.45","14937320"
"GE","2017/04/26","12:39:49","29.43","15816454"
"GE","2017/04/26","12:40:49","29.44","15891685"
"GE","2017/04/26","12:41:50","29.44","15953008"
"GE","2017/04/26","12:42:50","29.45","16083476"
"GE","2017/04/26","12:43:51","29.45","16134669"
"GE","2017/04/26","12:44:51","29.45","16150921"
"GE","2017/04/26","12:45:52","29.46","16411368"
"GE","2017/04/26","12:46:52","29.46","17140248"
"GE","2017/04/26","12:47:53","29.47","17401492"
"GE","2017/04/26","12:48:54","29.49","17698404"
"GE","2017/04/26","12:49:54","29.48","17971049"
"GE","2017/04/26","12:50:55","29.48","17992847"
"GE","2017/04/26","12:51:55","29.48","18065810"
"GE","2017/04/26","12:52:56","29.48","18102978"
"GE","2017/04/26","12:53:58","29.50","18191571"
"GE","2017/04/26","12:54:58","29.48","18576901"
"GE","2017/04/26","12:55:58","29.49","18812173"
"GE","2017/04/26","12:56:59","29.48","18897960"
"GE","2017/04/26","12:57:59","29.47","18908621"
"GE","2017/04/26","12:59:00","29.47","18932815"
"GE","2017/04/26","13:00:00","29.47","18960157"
"GE","2017/04/26","13:01:01","29.47","19077091"
"GE","2017/04/26","13:02:01","29.48","19151976"
"GE","2017/04/26","13:03:03","29.46","19187075"
"GE","2017/04/26","13:04:04","29.45","19212129"
"GE","2017/04/26","13:05:08","29.45","19236819"
"GE","2017/04/26","13:06:11","29.44","19363467"
"GE","2017/04/26","13:07:14","29.46","19445582"
"GE","2017/04/26","13:08:17","29.47","19524967"
"GE","2017/04/26","13:09:18","29.47","19574396"
"GE","2017/04/26","13:10:19","29.47","19686525"
"GE","2017/04/26","13:26:15","29.48","20957139"
"GE","2017/04/26","13:27:16","29.47","21078700"
"GE","2017/04/26","13:28:17","29.47","21106907"
"GE","2017/04/26","13:29:18","29.46","21213051"
"GE","2017/04/26","13:30:18","29.48","21301027"
"GE","2017/04/26","13:31:19","29.48","21318964"
"GE","2017/04/26","13:32:20","29.48","21346330"
"GE","2017/04/26","13:33:20","29.48","21353521"
"GE","2017/04/26","13:34:21","29.48","21403895"
"GE","2017/04/26","13:35:21","29.48","21431008"
"GE","2017/04/26","13:36:21","29.49","21483207"
"GE","2017/04/26","13:37:25","29.49","21490844"
"GE","2017/04/26","13:38:25","29.48","21582133"
"GE","2017/04/26","13:39:26","29.48","21645181"
"GE","2017/04/26","13:40:26","29.47","21764205"
"GE","2017/04/26","13:41:27","29.46","21804969"
"GE","2017/04/26","13:42:27","29.47","22049682"
"GE","2017/04/26","14:52:08","29.44","26064072"
"GE","2017/04/26","14:53:09","29.45","26114496"
"GE","2017/04/26","14:54:10","29.45","26124581"
"GE","2017/04/26","14:55:11","29.45","26163994"
"GE","2017/04/26","14:56:11","29.45","26192609"
"GE","2017/04/26","14:57:12","29.45","26215677"
"GE","2017/04/26","14:58:16","29.46","26350969"
"GE","2017/04/26","14:59:20","29.45","26388579"
"GE","2017/04/26","15:00:21","29.45","26442125"
"GE","2017/04/26","15:01:22","29.45","26480118"
"GE","2017/04/26","15:02:24","29.45","26507314"
"GE","2017/04/26","15:03:28","29.45","26540624"
"GE","2017/04/26","15:04:29","29.44","26552053"
"GE","2017/04/26","15:05:30","29.45","26540507"
"GE","2017/04/26","15:06:31","29.45","26572914"
"GE","2017/04/26","15:07:31","29.45","26588011"
"GE","2017/04/26","15:08:33","29.44","26616875"
"GE","2017/04/26","15:09:37","29.43","26651274"
"GE","2017/04/26","15:10:38","29.44","26666532"
"GE","2017/04/26","15:11:38","29.44","26767495"
"GE","2017/04/26","15:12:39","29.45","26794579"
"GE","2017/04/26","15:13:40","29.44","26828235"
"GE","2017/04/26","15:14:43","29.43","26842371"
"GE","2017/04/26","15:15:46","29.43","26904687"
"GE","2017/04/26","15:16:47","29.43","26944661"
"GE","2017/04/26","15:17:47","29.44","26949751"
"GE","2017/04/26","15:18:48","29.44","26994832"
"GE","2017/04/26","15:19:49","29.43","27012937"
"GE","2017/04/26","15:20:49","29.44","27034266"
"GE","2017/04/26","15:21:50","29.44","27111015"
"GE","2017/04/26","15:22:51","29.44","27124534"
"GE","2017/04/26","15:23:52","29.44","27141733"
"GE","2017/04/26","15:24:53","29.44","27173370"
"GE","2017/04/26","15:25:53","29.44","27188686"
"GE","2017/04/26","15:26:54","29.44","27234726"
"GE","2017/04/26","15:27:55","29.45","27356407"
"GE","2017/04/26","15:28:56","29.44","27559755"
"GE","2017/04/26","15:29:57","29.43","27571004"
"GE","2017/04/26","15:30:58","29.42","27625369"
"GE","2017/04/26","15:31:59","29.42","27638125"
"GE","2017/04/26","15:32:59","29.42","27650072"
"GE","2017/04/26","15:34:00","29.42","27661860"
"GE","2017/04/26","15:35:00","29.41","27766256"
"GE","2017/04/26","15:36:02","29.43","27837855"
"GE","2017/04/26","16:00:02","29.35","29617526"
"GE","2017/04/26","16:01:04","29.34","29735265"
"GE","2017/04/26","16:02:05","29.33","29840194"
"GE","2017/04/26","16:03:06","29.32","29939267"
"GE","2017/04/26","16:04:10","29.32","30008787"
"GE","2017/04/26","16:05:15","29.32","30243357"
"GE","2017/04/26","16:06:19","29.30","30614989"
"GE","2017/04/27","10:36:27","29.23","4581903"
"GE","2017/04/27","10:37:29","29.24","4654071"
"GE","2017/04/27","10:38:30","29.23","4830336"
"GE","2017/04/27","10:39:32","29.22","4898573"
"GE","2017/04/27","10:40:33","29.24","4978293"
"GE","2017/04/27","10:41:33","29.23","4995044"
"GE","2017/04/27","10:42:34","29.23","5037806"
"GE","2017/04/27","10:43:35","29.21","5080968"
"GE","2017/04/27","10:44:38","29.20","5110824"
"GE","2017/04/27","10:45:38","29.21","5154020"
"GE","2017/04/27","10:46:39","29.21","5229079"
"GE","2017/04/27","10:47:39","29.20","5275856"
"GE","2017/04/27","10:48:40","29.19","5379684"
"GE","2017/04/27","10:49:41","29.20","5424540"
"GE","2017/04/27","10:50:42","29.20","5438313"
"GE","2017/04/27","10:51:42","29.19","5468011"
"GE","2017/04/27","10:52:43","29.19","5522412"
"GE","2017/04/27","10:53:46","29.18","5538629"
"GE","2017/04/27","10:54:47","29.17","5648941"
"GE","2017/04/27","10:55:47","29.17","5664635"
"GE","2017/04/27","10:56:48","29.16","5683113"
"GE","2017/04/27","10:57:49","29.16","5810725"
"GE","2017/04/27","10:58:49","29.16","5906334"
"GE","2017/04/27","10:59:50","29.14","5947817"
"GE","2017/04/27","11:00:51","29.14","5984467"
"GE","2017/04/27","11:01:51","29.14","6004115"
"GE","2017/04/27","11:02:52","29.14","6069817"
"GE","2017/04/27","11:03:52","29.13","6103968"
"GE","2017/04/27","11:04:53","29.12","6197282"
"GE","2017/04/27","11:05:54","29.11","6386381"
"GE","2017/04/27","11:06:54","29.09","6526201"
"GE","2017/04/27","11:07:54","29.10","6562468"
"GE","2017/04/27","11:08:55","29.11","6583066"
"GE","2017/04/27","11:09:56","29.10","6617519"
"GE","2017/04/27","11:10:56","29.09","6656873"
"GE","2017/04/27","11:11:57","29.09","6716120"
"GE","2017/04/27","11:12:58","29.11","6750795"
"GE","2017/04/27","11:13:59","29.13","6814160"
"GE","2017/04/27","11:15:00","29.13","6844574"
"GE","2017/04/27","11:16:00","29.12","6915255"
"GE","2017/04/27","11:17:03","29.11","7005129"
"GE","2017/04/27","11:18:06","29.11","7079927"
"GE","2017/04/27","11:19:09","29.13","7202726"
"GE","2017/04/27","11:20:13","29.12","7246367"
"GE","2017/04/27","11:21:15","29.12","7293356"
"GE","2017/04/27","11:22:18","29.13","7377232"
"GE","2017/04/27","11:23:19","29.15","7444906"
"GE","2017/04/27","11:24:20","29.13","7519206"
"GE","2017/04/27","11:25:20","29.12","7611178"
"GE","2017/04/27","11:26:21","29.11","7652802"
"GE","2017/04/27","11:27:22","29.11","7693814"
"GE","2017/04/27","11:28:23","29.10","7776291"
"GE","2017/04/27","11:29:23","29.10","7809588"
"GE","2017/04/27","11:30:24","29.10","8101715"
"GE","2017/04/27","11:31:25","29.09","8183514"
"GE","2017/04/27","11:32:29","29.08","8228774"
"GE","2017/04/27","11:33:30","29.09","8259623"
"GE","2017/04/27","11:34:31","29.08","8306449"
"GE","2017/04/27","11:35:34","29.09","8357188"
"GE","2017/04/27","11:36:37","29.08","8451917"
"GE","2017/04/27","11:37:39","29.08","8481018"
"GE","2017/04/27","11:38:40","29.05","8684466"
"GE","2017/04/27","11:39:40","29.04","8770713"
"GE","2017/04/27","11:40:41","29.05","8898031"
"GE","2017/04/27","11:41:41","29.06","8940544"
"GE","2017/04/27","11:42:42","29.05","8965139"
"GE","2017/04/27","11:43:42","29.06","9080366"
"GE","2017/04/27","11:44:43","29.05","9204637"
"GE","2017/04/27","11:45:44","29.08","9271449"
"GE","2017/04/27","11:46:45","29.07","9316164"
"GE","2017/04/27","11:47:46","29.08","9346365"
"GE","2017/04/27","11:48:46","29.09","9442883"
"GE","2017/04/27","11:49:47","29.09","9655290"
"GE","2017/04/27","11:50:47","29.10","9704872"
"GE","2017/04/27","11:51:48","29.10","9723614"
"GE","2017/04/27","11:52:49","29.10","9746539"
"GE","2017/04/27","11:53:50","29.10","9788860"
"GE","2017/04/27","11:54:50","29.10","9808227"
"GE","2017/04/27","12:31:53","29.06","12877164"
"GE","2017/04/27","12:32:55","29.05","12908528"
"GE","2017/04/27","12:33:56","29.05","13052112"
"GE","2017/04/27","12:34:57","29.06","13116294"
"GE","2017/04/27","12:35:57","29.04","13188655"
"GE","2017/04/27","12:36:58","29.04","13225417"
"GE","2017/04/27","12:37:58","29.04","13245068"
"GE","2017/04/27","12:38:59","29.04","13271852"
"GE","2017/04/27","12:40:00","29.04","13294974"
"GE","2017/04/27","12:41:01","29.03","13400579"
"GE","2017/04/27","12:42:01","29.03","13419024"
"GE","2017/04/27","12:43:02","29.03","13450728"
"GE","2017/04/27","12:44:03","29.04","13482867"
"GE","2017/04/27","12:45:04","29.04","13504124"
"GE","2017/04/27","12:46:05","29.04","13518695"
"GE","2017/04/27","12:47:07","29.03","13539486"
"GE","2017/04/27","12:48:08","29.03","13738718"
"GE","2017/04/27","12:49:16","29.03","13841853"
"GE","2017/04/27","12:50:17","29.02","13859297"
"GE","2017/04/27","12:51:19","29.02","13896699"
"GE","2017/04/27","12:52:23","29.02","13920885"
"GE","2017/04/27","12:53:23","29.02","13941857"
"GE","2017/04/27","12:54:24","29.02","13958282"
"GE","2017/04/27","12:55:25","29.02","13968074"
"GE","2017/04/27","12:56:26","29.03","14002841"
"GE","2017/04/27","12:57:27","29.03","14016741"
"GE","2017/04/27","12:58:27","29.02","14036644"
"GE","2017/04/27","12:59:27","29.03","14062260"
"GE","2017/04/27","13:00:28","29.05","14395064"
"GE","2017/04/27","13:01:28","29.06","14782783"
"GE","2017/04/27","13:02:29","29.04","14870268"
"GE","2017/04/27","13:03:30","29.05","14913457"
"GE","2017/04/27","13:04:30","29.05","14923106"
"GE","2017/04/27","13:05:31","29.05","14954943"
"GE","2017/04/27","13:06:32","29.06","15048444"
"GE","2017/04/27","13:07:33","29.06","16067728"
"GE","2017/04/27","13:08:35","29.06","16084262"
"GE","2017/04/27","13:09:36","29.08","16274709"
"GE","2017/04/27","13:10:37","29.07","16963380"
"GE","2017/04/27","13:11:37","29.07","17084367"
"GE","2017/04/27","13:12:38","29.08","17283843"
"GE","2017/04/27","13:13:38","29.10","17348806"
"GE","2017/04/27","13:14:39","29.12","17433861"
"GE","2017/04/27","13:15:39","29.15","17500708"
"GE","2017/04/27","13:16:40","29.12","17648949"
"GE","2017/04/27","13:17:45","29.11","17714928"
"GE","2017/04/27","13:18:46","29.13","17746796"
"GE","2017/04/27","13:19:46","29.14","17813739"
"GE","2017/04/27","13:20:47","29.13","17876916"
"GE","2017/04/27","13:21:47","29.12","17907541"
"GE","2017/04/27","13:22:49","29.13","17971853"
"GE","2017/04/27","13:23:49","29.11","18005017"
"GE","2017/04/27","13:24:50","29.11","18010320"
"GE","2017/04/27","13:25:51","29.10","18191487"
"GE","2017/04/27","13:26:51","29.10","18254609"
"GE","2017/04/27","13:30:42","29.09","18458606"
"GE","2017/04/27","13:31:43","29.09","18499835"
"GE","2017/04/27","13:32:46","29.10","18512395"
"GE","2017/04/27","13:33:46","29.08","18543184"
"GE","2017/04/27","13:34:47","29.08","18577522"
"GE","2017/04/27","13:35:47","29.09","18677412"
"GE","2017/04/27","13:36:48","29.09","18768179"
"GE","2017/04/27","13:37:48","29.09","18829764"
"GE","2017/04/27","13:38:49","29.10","18883983"
"GE","2017/04/27","13:39:49","29.10","18906136"
"GE","2017/04/27","13:40:50","29.09","18920928"
"GE","2017/04/27","13:41:50","29.10","18937879"
"GE","2017/04/27","13:42:51","29.11","18993243"
"GE","2017/04/27","13:43:52","29.10","19012435"
"GE","2017/04/27","13:44:52","29.12","19178884"
"GE","2017/04/27","13:45:53","29.13","19195449"
"GE","2017/04/27","13:46:53","29.14","19258406"
"GE","2017/04/27","13:47:53","29.13","19272095"
"GE","2017/04/27","13:48:54","29.12","19350643"
"GE","2017/04/27","13:49:54","29.10","19435919"
"GE","2017/04/27","13:50:55","29.10","19473267"
"GE","2017/04/27","13:51:55","29.10","19497359"
"GE","2017/04/27","13:52:56","29.11","19512185"
"GE","2017/04/27","13:53:56","29.11","19527580"
"GE","2017/04/27","13:54:57","29.10","19556239"
"GE","2017/04/27","13:55:57","29.11","19755763"
"GE","2017/04/27","13:56:58","29.11","19817797"
"GE","2017/04/27","13:57:58","29.10","19840883"
"GE","2017/04/27","13:58:59","29.10","19879881"
"GE","2017/04/27","14:00:00","29.09","20101448"
"GE","2017/04/27","14:01:03","29.10","20124760"
"GE","2017/04/27","14:02:06","29.09","20171659"
"GE","2017/04/27","14:03:07","29.09","20211759"
"GE","2017/04/27","14:04:09","29.09","20245378"
"GE","2017/04/27","14:05:12","29.08","20275193"
"GE","2017/04/27","14:06:13","29.08","20298977"
"GE","2017/04/27","14:07:21","29.08","20571346"
"GE","2017/04/27","14:08:22","29.08","20668186"
"GE","2017/04/27","14:09:22","29.07","20696797"
"GE","2017/04/27","14:10:23","29.07","20720166"
"GE","2017/04/27","14:11:24","29.07","20735521"
"GE","2017/04/27","14:12:25","29.08","20802223"
"GE","2017/04/27","14:13:27","29.05","20897451"
"GE","2017/04/27","14:14:27","29.05","20919521"
"GE","2017/04/27","14:15:28","29.05","20967330"
"GE","2017/04/27","14:16:30","29.06","21000457"
"GE","2017/04/27","14:17:30","29.05","21028780"
"GE","2017/04/27","14:18:31","29.06","21059317"
"GE","2017/04/27","14:19:33","29.06","21093089"
"GE","2017/04/27","14:20:35","29.05","21117976"
"GE","2017/04/27","14:21:35","29.04","21184737"
"GE","2017/04/27","14:22:36","29.05","21213892"
"GE","2017/04/27","14:23:40","29.05","21256376"
"GE","2017/04/27","14:24:40","29.04","21293549"
"GE","2017/04/27","14:25:41","29.06","21450318"
"GE","2017/04/27","14:26:41","29.06","21507258"
"GE","2017/04/27","14:27:41","29.06","21584336"
"GE","2017/04/27","14:28:42","29.07","21622626"
"GE","2017/04/27","14:29:42","29.07","21693900"
"GE","2017/04/27","14:30:43","29.05","21726173"
"GE","2017/04/27","14:31:43","29.05","21740607"
"GE","2017/04/27","14:32:44","29.05","21759256"
"GE","2017/04/27","14:33:45","29.06","21848257"
"GE","2017/04/27","14:34:45","29.07","21876451"
"GE","2017/04/27","14:35:49","29.07","21913032"
"GE","2017/04/27","14:36:50","29.07","21940618"
"GE","2017/04/27","14:37:50","29.08","21991712"
"GE","2017/04/27","14:38:51","29.08","22010701"
"GE","2017/04/27","14:39:51","29.08","22029686"
"GE","2017/04/27","14:40:52","29.07","22044331"
"GE","2017/04/27","14:41:53","29.08","22062919"
"GE","2017/04/27","14:42:53","29.08","22075028"
"GE","2017/04/27","14:43:54","29.08","22105056"
"GE","2017/04/27","14:44:55","29.07","22146713"
"GE","2017/04/27","14:45:55","29.08","22266231"
"GE","2017/04/27","14:46:56","29.09","22296947"
"GE","2017/04/27","14:47:56","29.06","22444823"
"GE","2017/04/27","14:48:58","29.08","22627595"
"GE","2017/04/27","14:49:58","29.07","22680189"
"GE","2017/04/27","14:50:59","29.07","22706816"
"GE","2017/04/27","14:51:59","29.05","22836502"
"GE","2017/04/27","14:53:00","29.06","22847455"
"GE","2017/04/27","14:54:01","29.06","22911837"
"GE","2017/04/27","14:55:02","29.05","22938638"
"GE","2017/04/27","14:56:03","29.05","22964398"
"GE","2017/04/27","14:57:08","29.05","22994070"
"GE","2017/04/27","14:58:13","29.05","23030248"
"GE","2017/04/27","14:59:16","29.06","23053953"
"GE","2017/04/27","15:00:17","29.08","23201509"
"GE","2017/04/27","15:01:20","29.07","23395870"
"GE","2017/04/27","15:02:21","29.07","23409573"
"GE","2017/04/27","15:03:21","29.08","23432424"
"GE","2017/04/27","15:04:23","29.08","23454787"
"GE","2017/04/27","15:05:25","29.06","23635905"
"GE","2017/04/27","15:06:29","29.07","23729251"
"GE","2017/04/27","15:07:30","29.07","23746753"
"GE","2017/04/27","15:08:31","29.07","23768346"
"GE","2017/04/27","15:09:33","29.08","23844754"
"GE","2017/04/27","15:10:33","29.08","23861997"
"GE","2017/04/27","15:11:34","29.07","23923120"
"GE","2017/04/27","15:12:34","29.06","23947470"
"GE","2017/04/27","15:13:35","29.06","23967942"
"GE","2017/04/27","15:14:35","29.06","23993626"
"GE","2017/04/27","15:15:37","29.07","24026123"
"GE","2017/04/27","15:16:40","29.06","24053359"
"GE","2017/04/27","15:17:40","29.07","24089456"
"GE","2017/04/27","15:18:41","29.07","24191795"
"GE","2017/04/27","15:19:41","29.07","24227885"
"GE","2017/04/27","15:20:42","29.05","24363401"
"GE","2017/04/27","15:21:42","29.05","24488614"
"GE","2017/04/27","15:22:44","29.05","24867629"
"GE","2017/04/27","15:23:49","29.04","24996927"
"GE","2017/04/27","15:24:50","29.05","25076576"
"GE","2017/04/27","15:25:50","29.05","25128401"
"GE","2017/04/27","15:26:51","29.06","25164985"
"GE","2017/04/27","15:27:52","29.05","25186795"
"GE","2017/04/27","15:28:52","29.06","25212359"
"GE","2017/04/27","15:29:53","29.06","25255866"
"GE","2017/04/27","15:30:57","29.06","25292079"
"GE","2017/04/27","15:31:58","29.05","25327591"
"GE","2017/04/27","15:32:58","29.06","25358103"
"GE","2017/04/27","15:33:59","29.05","25434879"
"GE","2017/04/27","15:35:00","29.04","25465812"
"GE","2017/04/27","15:36:00","29.04","25560929"
"GE","2017/04/27","15:37:00","29.03","25583625"
"GE","2017/04/27","15:38:01","29.03","25651917"
"GE","2017/04/27","15:39:01","29.04","25670316"
"GE","2017/04/27","15:40:02","29.03","25721255"
"GE","2017/04/27","15:41:05","29.04","25778732"
"GE","2017/04/27","15:42:06","29.03","25828318"
"GE","2017/04/27","15:43:09","29.02","25948271"
"GE","2017/04/27","15:44:13","29.03","26065579"
"GE","2017/04/27","15:45:19","29.04","26234829"
"GE","2017/04/27","15:46:19","29.05","26532927"
"GE","2017/04/27","15:47:20","29.05","26709350"
"GE","2017/04/27","15:48:21","29.06","26805099"
"GE","2017/04/27","15:49:22","29.05","26849392"
"GE","2017/04/27","15:50:23","29.05","26883702"
"GE","2017/04/27","15:51:23","29.04","26970697"
"GE","2017/04/27","15:52:24","29.04","27011140"
"GE","2017/04/27","15:53:24","29.04","27050122"
"GE","2017/04/27","15:54:28","29.05","27113042"
"GE","2017/04/27","15:55:28","29.05","27166175"
"GE","2017/04/27","15:56:31","29.06","27296861"
"GE","2017/04/27","15:57:31","29.06","27362583"
"GE","2017/04/27","15:58:35","29.06","27419825"
"GE","2017/04/27","15:59:37","29.06","27478176"
"GE","2017/04/27","16:00:38","29.07","27599269"
"GE","2017/04/27","16:01:38","29.06","27741454"
"GE","2017/04/27","16:02:39","29.07","27817508"
"GE","2017/04/27","16:03:40","29.06","27888028"
"GE","2017/04/27","16:04:40","29.05","27996825"
"GE","2017/04/27","16:05:41","29.05","28192801"
"GE","2017/04/27","16:06:41","29.05","28250937"
"GE","2017/04/27","16:07:42","29.06","28398482"
"GE","2017/04/27","16:08:42","29.07","28647140"
"GE","2017/04/27","16:09:43","29.05","29022929"
"GE","2017/04/27","16:10:43","29.05","29316759"
"GE","2017/04/27","16:11:45","29.05","29453779"
"GE","2017/04/27","16:12:46","29.05","29563579"
"GE","2017/04/27","16:13:46","29.07","29921693"
"GE","2017/04/27","16:14:47","29.07","30572683"
"GE","2017/04/27","16:15:47","29.08","34167611"
"GE","2017/04/27","16:16:48","29.08","34167611"
"GE","2017/04/27","16:17:49","29.08","34167611"
"GE","2017/04/27","16:18:49","29.08","34167611"
"GE","2017/04/27","16:19:50","29.08","34167621"
"GE","2017/04/27","16:20:50","29.08","34167621"
"GE","2017/04/27","16:21:51","29.08","34167621"
"GE","2017/04/27","16:22:51","29.08","34167621"
"GE","2017/04/27","16:30:42","29.08","32777918"
"GE","2017/04/27","16:31:42","29.08","32861044"
"GE","2017/04/27","16:32:42","29.08","32861044"
"GE","2017/04/27","16:33:43","29.08","32861044"
"GE","2017/04/27","16:34:43","29.08","32861054"
"GE","2017/04/27","16:35:44","29.08","32861054"
"GE","2017/04/27","16:36:44","29.08","32861054"
"GE","2017/04/27","16:37:45","29.08","32861554"
"GE","2017/04/27","16:38:45","29.08","32862454"
"GE","2017/04/27","16:39:45","29.08","32862458"
"GE","2017/04/27","16:40:46","29.08","32862458"
"GE","2017/04/27","16:41:47","29.08","32862458"
"GE","2017/04/27","16:42:47","29.08","32862458"
"GE","2017/04/27","16:43:47","29.08","32862458"
"GE","2017/04/27","16:44:48","29.08","32862458"
"GE","2017/04/27","16:45:48","29.08","32862558"
"GE","2017/04/27","16:46:48","29.08","32862558"
"GE","2017/04/27","16:47:49","29.08","32862763"
"GE","2017/04/27","16:48:49","29.08","32862763"
"GE","2017/04/27","16:49:50","29.08","32862765"
"GE","2017/04/27","16:50:50","29.08","32863003"
"GE","2017/04/27","16:51:51","29.08","32863003"
"GE","2017/04/27","16:52:51","29.08","32863003"
"GE","2017/04/27","16:53:52","29.08","32863003"
"GE","2017/04/27","16:54:52","29.08","32863003"
"GE","2017/04/27","16:55:53","29.08","32863003"
"GE","2017/04/27","16:56:54","29.08","32864003"
"GE","2017/04/27","16:57:54","29.08","32864086"
"GE","2017/04/27","16:58:55","29.08","32864086"
"GE","2017/04/27","16:59:55","29.08","32864086"
"GE","2017/04/27","17:00:56","29.08","32864096"
"GE","2017/04/27","17:01:56","29.08","32864096"
"GE","2017/04/27","17:02:58","29.08","32864096"
"GE","2017/04/27","17:03:58","29.08","32866096"
"GE","2017/04/27","17:04:59","29.08","32866096"
"GE","2017/04/27","17:06:00","29.08","32866096"
"GE","2017/04/27","17:07:00","29.08","32883195"
"GE","2017/04/27","17:08:00","29.08","32883195"
"GE","2017/04/27","17:09:01","29.08","32883205"
"GE","2017/04/27","17:10:01","29.08","32883205"
"GE","2017/04/27","17:11:02","29.08","32883205"
"GE","2017/04/27","17:12:03","29.08","32883205"
"GE","2017/04/27","17:13:03","29.08","32883210"
"GE","2017/04/27","17:14:04","29.08","32883210"
"GE","2017/04/27","17:15:04","29.08","32883210"
"GE","2017/04/27","17:16:07","29.08","32883210"
"GE","2017/04/27","17:17:07","29.08","32883210"
"GE","2017/04/27","17:18:08","29.08","32883210"
"GE","2017/04/27","17:19:08","29.08","32883210"
"GE","2017/04/27","17:20:11","29.08","32883710"
"GE","2017/04/27","17:21:11","29.08","32883960"
"GE","2017/04/27","17:22:13","29.08","32883960"
"GE","2017/04/27","17:23:14","29.08","32884460"
"GE","2017/04/27","17:24:15","29.08","32884460"
"GE","2017/04/27","17:25:16","29.08","32884460"
"GE","2017/04/27","17:26:20","29.08","32884585"
"GE","2017/04/27","17:27:22","29.08","32884585"
"GE","2017/04/27","17:28:24","29.08","32884585"
"GE","2017/04/27","17:29:24","29.08","32884585"
"GE","2017/04/27","17:30:25","29.08","32884585"
"GE","2017/04/27","17:31:28","29.08","32884585"
"GE","2017/04/27","17:32:29","29.08","32884585"
"GE","2017/04/27","17:33:29","29.08","32884585"
"GE","2017/04/27","17:34:30","29.08","32884585"
"GE","2017/04/27","17:35:31","29.08","32884585"
"GE","2017/04/27","17:36:31","29.08","32884585"
"GE","2017/04/27","17:37:32","29.08","32885625"
"GE","2017/04/27","17:38:33","29.08","32885625"
"GE","2017/04/27","17:39:34","29.08","32885625"
"GE","2017/04/27","17:40:35","29.08","32890134"
"GE","2017/04/27","17:41:36","29.08","32885634"
"GE","2017/04/27","17:42:37","29.08","32885634"
"GE","2017/04/27","17:43:37","29.08","32885634"
"GE","2017/04/27","17:44:37","29.08","32885634"
"GE","2017/04/27","17:45:38","29.08","32885634"
"GE","2017/04/27","17:46:39","29.08","32885852"
"GE","2017/04/27","17:47:40","29.08","32885852"
"GE","2017/04/27","17:48:40","29.08","32885852"
"GE","2017/04/27","17:49:41","29.08","32885852"
"GE","2017/04/27","17:50:42","29.08","32885852"
"GE","2017/04/27","17:51:42","29.08","32885852"
"GE","2017/04/27","17:52:43","29.08","32885852"
"GE","2017/04/27","17:53:43","29.08","32885852"
"GE","2017/04/27","17:54:45","29.08","32888007"
"GE","2017/04/27","17:55:46","29.08","32891138"
"GE","2017/04/27","17:56:47","29.08","32891863"
"GE","2017/04/27","17:57:47","29.08","32891863"
"GE","2017/04/27","17:58:48","29.08","32892066"
"GE","2017/04/27","17:59:49","29.08","32892066"
"GE","2017/04/27","18:00:51","29.08","32892066"
"GE","2017/04/27","18:01:52","29.08","32892066"
"GE","2017/04/27","18:02:53","29.08","32892066"
"GE","2017/04/27","18:03:53","29.08","32892067"
"GE","2017/04/27","18:04:54","29.08","32892067"
"GE","2017/04/27","18:05:55","29.08","32892069"
"GE","2017/04/27","18:06:56","29.08","32892074"
"GE","2017/04/27","18:07:57","29.08","32892074"
"GE","2017/04/27","18:08:57","29.08","32892074"
"GE","2017/04/27","18:09:59","29.08","32892074"
"GE","2017/04/27","18:10:59","29.08","32892074"
"GE","2017/04/27","18:11:59","29.08","32892164"
"GE","2017/04/27","18:13:00","29.08","32892164"
"GE","2017/04/27","18:14:01","29.08","32892164"
"GE","2017/04/27","18:15:05","29.08","32892164"
"GE","2017/04/27","18:16:07","29.08","32892164"
"GE","2017/04/27","18:17:07","29.08","32892164"
"GE","2017/04/27","18:18:08","29.08","32931768"
"GE","2017/04/27","18:19:12","29.08","32931768"
"GE","2017/04/27","18:20:15","29.08","32931768"
"GE","2017/04/27","18:21:16","29.08","32931768"
"GE","2017/04/27","18:22:16","29.08","32931768"
"GE","2017/04/27","18:23:18","29.08","32931768"
"GE","2017/04/27","18:24:18","29.08","32931768"
"GE","2017/04/27","18:25:21","29.08","32931879"
"GE","2017/04/27","18:26:24","29.08","32931879"
"GE","2017/04/27","18:27:25","29.08","32931997"
"GE","2017/04/27","18:28:30","29.08","32931997"
"GE","2017/04/27","18:29:30","29.08","32931997"
"GE","2017/04/27","18:30:31","29.08","32931997"
"GE","2017/04/27","18:31:32","29.08","32931997"
"GE","2017/04/27","18:32:32","29.08","32931997"
"GE","2017/04/27","18:33:33","29.08","32931997"
"GE","2017/04/27","18:34:34","29.08","32931997"
"GE","2017/04/27","18:35:36","29.08","32931997"
"GE","2017/04/27","18:36:39","29.08","32932097"
"GE","2017/04/27","18:37:39","29.08","32932097"
"GE","2017/04/27","18:38:40","29.08","32932097"
"GE","2017/04/27","18:39:40","29.08","32932097"
"GE","2017/04/27","18:40:41","29.08","32932097"
"GE","2017/04/27","18:41:41","29.08","32932097"
"GE","2017/04/27","18:42:42","29.08","32932097"
"GE","2017/04/27","18:43:42","29.08","32932097"
"GE","2017/04/27","18:44:43","29.08","32932097"
"GE","2017/04/27","18:45:44","29.08","32932097"
"GE","2017/04/27","18:46:44","29.08","32932097"
"GE","2017/04/27","18:47:45","29.08","32932097"
"GE","2017/04/27","18:48:45","29.08","32932097"
"GE","2017/04/27","18:49:46","29.08","32932097"
"GE","2017/04/27","18:50:49","29.08","32932097"
"GE","2017/04/27","18:51:50","29.08","32932097"
"GE","2017/04/27","18:52:51","29.08","32932097"
"GE","2017/04/27","18:53:51","29.08","32932097"
"GE","2017/04/27","18:54:51","29.08","32932097"
"GE","2017/04/27","18:55:52","29.08","32932097"
"GE","2017/04/27","18:56:52","29.08","32932097"
"GE","2017/04/27","18:57:53","29.08","32932097"
"GE","2017/04/27","19:10:29","29.08","32932235"
"GE","2017/04/27","19:11:31","29.08","32932235"
"GE","2017/04/27","19:12:32","29.08","32932533"
"GE","2017/04/27","19:13:34","29.08","32932533"
"GE","2017/04/27","19:14:35","29.08","32932633"
"GE","2017/04/27","19:15:39","29.08","32932633"
"GE","2017/04/27","19:16:44","29.08","32932678"
"GE","2017/04/27","19:17:44","29.08","32932678"
"GE","2017/04/27","19:18:45","29.08","32932678"
"GE","2017/04/27","19:19:45","29.08","32935380"
"GE","2017/04/27","19:20:45","29.08","32935380"
"GE","2017/04/27","19:21:46","29.08","32935480"
"GE","2017/04/27","19:22:47","29.08","32935480"
"GE","2017/04/27","19:23:47","29.08","32935780"
"GE","2017/04/27","19:24:48","29.08","32938780"
"GE","2017/04/27","19:25:50","29.08","32938830"
"GE","2017/04/27","19:26:50","29.08","32938830"
"GE","2017/04/27","19:27:51","29.08","32939030"
"GE","2017/04/27","19:28:51","29.08","32939030"
"GE","2017/04/27","19:29:52","29.08","32939030"
"GE","2017/04/27","19:30:52","29.08","32939030"
"GE","2017/04/27","19:31:53","29.08","32939030"
"GE","2017/04/27","19:32:53","29.08","32939030"
"GE","2017/04/27","19:33:54","29.08","32939030"
"GE","2017/04/27","19:34:55","29.08","32939030"
"GE","2017/04/27","19:35:55","29.08","32939105"
"GE","2017/04/27","19:36:56","29.08","32939105"
"GE","2017/04/27","19:37:57","29.08","32939255"
"GE","2017/04/27","19:38:59","29.08","32939255"
"GE","2017/04/27","19:40:00","29.08","32939255"
"GE","2017/04/27","19:41:00","29.08","32939255"
"GE","2017/04/27","19:42:01","29.08","32939255"
"GE","2017/04/27","19:43:01","29.08","32939255"
"GE","2017/04/27","19:44:03","29.08","32939255"
"GE","2017/04/27","19:45:04","29.08","32939255"
"GE","2017/04/27","19:46:04","29.08","32939255"
"GE","2017/04/27","19:47:05","29.08","32939255"
"GE","2017/04/27","19:48:08","29.08","32939255"
"GE","2017/04/27","19:49:10","29.08","32939255"
"GE","2017/04/27","19:50:11","29.08","32939255"
"GE","2017/04/27","19:51:16","29.08","32939255"
"GE","2017/04/27","19:52:20","29.08","32939255"
"GE","2017/04/27","19:53:24","29.08","32939755"
"GE","2017/04/27","19:54:25","29.08","32939755"
"GE","2017/04/27","19:55:26","29.08","32939755"
"GE","2017/04/27","19:56:27","29.08","32939830"
"GE","2017/04/27","19:57:30","29.08","32939830"
"GE","2017/04/27","19:58:31","29.08","32939830"
"GE","2017/04/27","19:59:31","29.08","32939830"
"GE","2017/04/27","20:00:32","29.08","32939830"
"GE","2017/04/27","20:01:33","29.08","32939830"
"GE","2017/04/27","20:02:37","29.08","32939830"
"GE","2017/04/27","20:03:38","29.08","32939830"
"GE","2017/04/27","20:04:39","29.08","32939830"
"GE","2017/04/27","20:05:39","29.08","32939830"
"GE","2017/04/27","20:06:43","29.08","32939830"
"GE","2017/04/27","20:07:44","29.08","32939830"
"GE","2017/04/27","20:08:44","29.08","32939830"
"GE","2017/04/27","20:09:45","29.08","32939830"
"GE","2017/04/27","20:10:45","29.08","32939830"
"GE","2017/04/27","20:11:46","29.08","32939830"
"GE","2017/04/27","20:12:46","29.08","32939830"
"GE","2017/04/27","20:13:47","29.08","32939830"
"GE","2017/04/27","20:14:47","29.08","32939830"
"GE","2017/04/27","20:15:49","29.08","32939845"
"GE","2017/04/27","20:16:49","29.08","32939845"
"GE","2017/04/27","20:17:50","29.08","32939845"
"GE","2017/04/27","20:18:50","29.08","32939845"
"GE","2017/04/27","20:19:52","29.08","32939845"
"GE","2017/04/27","20:20:53","29.08","32939845"
"GE","2017/04/27","20:21:54","29.08","32939845"
"GE","2017/04/27","20:22:55","29.08","32939845"
"GE","2017/04/27","20:23:56","29.08","32939845"
"GE","2017/04/27","20:24:57","29.08","32939845"
"GE","2017/04/27","20:25:58","29.08","32939845"
"GE","2017/04/27","20:27:04","29.08","32939845"
"GE","2017/04/27","20:28:07","29.08","32939845"
"GE","2017/04/27","20:29:08","29.08","32939845"
"GE","2017/04/27","20:30:12","29.08","32939845"
"GE","2017/04/27","20:31:18","29.08","32939845"
"GE","2017/04/27","20:32:20","29.08","32939845"
