"MSFT","2017/04/26","10:59:56","67.85","6673193"
"MSFT","2017/04/26","11:00:57","67.89","6717298"
"MSFT","2017/04/26","11:01:58","67.96","6870495"
"MSFT","2017/04/26","11:02:58","68.00","6978979"
"MSFT","2017/04/26","11:03:59","68.00","7059568"
"MSFT","2017/04/26","11:04:59","68.05","7115991"
"MSFT","2017/04/26","11:06:00","68.00","7177763"
"MSFT","2017/04/26","11:07:00","68.04","7231996"
"MSFT","2017/04/26","11:08:00","68.05","7269136"
"MSFT","2017/04/26","11:09:01","68.09","7373554"
"MSFT","2017/04/26","11:10:02","68.05","7428469"
"MSFT","2017/04/26","11:11:03","68.06","7458947"
"MSFT","2017/04/26","11:12:05","68.05","7497074"
"MSFT","2017/04/26","11:13:06","68.11","7533371"
"MSFT","2017/04/26","11:14:07","68.11","7569841"
"MSFT","2017/04/26","11:15:14","68.06","7647828"
"MSFT","2017/04/26","11:16:16","68.06","7710639"
"MSFT","2017/04/26","11:17:21","68.06","7741486"
"MSFT","2017/04/26","11:18:22","68.06","7807470"
"MSFT","2017/04/26","11:19:23","68.07","7831362"
"MSFT","2017/04/26","11:20:23","68.10","7882823"
"MSFT","2017/04/26","11:21:24","68.08","7925163"
"MSFT","2017/04/26","11:22:24","68.09","7975319"
"MSFT","2017/04/26","11:23:26","68.08","8008147"
"MSFT","2017/04/26","11:24:29","68.07","8062019"
"MSFT","2017/04/26","11:25:29","68.06","8114775"
"MSFT","2017/04/26","11:26:30","68.06","8167023"
"MSFT","2017/04/26","11:27:33","68.08","8185314"
"MSFT","2017/04/26","11:28:34","68.13","8222457"
"MSFT","2017/04/26","11:29:35","68.15","8249285"
"MSFT","2017/04/26","11:30:35","68.13","8334118"
"MSFT","2017/04/26","11:31:36","68.13","8375161"
"MSFT","2017/04/26","11:32:38","68.14","8414744"
"MSFT","2017/04/26","11:33:39","68.17","8456680"
"MSFT","2017/04/26","11:34:39","68.18","8478081"
"MSFT","2017/04/26","11:35:40","68.15","8518580"
"MSFT","2017/04/26","11:36:40","68.15","8561695"
"MSFT","2017/04/26","11:37:41","68.12","8608427"
"MSFT","2017/04/26","11:38:42","68.21","8664484"
"MSFT","2017/04/26","11:39:44","68.25","8735155"
"MSFT","2017/04/26","11:40:45","68.22","9117623"
"MSFT","2017/04/26","11:41:46","68.24","9167063"
"MSFT","2017/04/26","11:42:49","68.27","9236982"
"MSFT","2017/04/26","11:43:49","68.28","9263979"
"MSFT","2017/04/26","11:44:50","68.30","9298605"
"MSFT","2017/04/26","11:45:50","68.25","9353765"
"MSFT","2017/04/26","11:46:51","68.24","9449193"
"MSFT","2017/04/26","11:47:52","68.22","9489461"
"MSFT","2017/04/26","11:48:52","68.25","9539054"
"MSFT","2017/04/26","11:49:53","68.28","9649897"
"MSFT","2017/04/26","11:50:53","68.26","9812019"
"MSFT","2017/04/26","11:51:54","68.30","9897740"
"MSFT","2017/04/26","11:52:54","68.28","10019237"
"MSFT","2017/04/26","11:53:54","68.29","10091747"
"MSFT","2017/04/26","11:54:55","68.28","10126557"
"MSFT","2017/04/26","11:55:59","68.25","10193238"
"MSFT","2017/04/26","11:56:59","68.23","10309899"
"MSFT","2017/04/26","11:58:01","68.20","10377275"
"MSFT","2017/04/26","11:59:01","68.20","10406420"
"MSFT","2017/04/26","12:00:02","68.13","10512460"
"MSFT","2017/04/26","12:01:03","68.17","10665320"
"MSFT","2017/04/26","12:02:03","68.04","10824911"
"MSFT","2017/04/26","12:03:04","68.07","10881248"
"MSFT","2017/04/26","12:04:05","68.06","10950876"
"MSFT","2017/04/26","12:05:06","68.01","11004985"
"MSFT","2017/04/26","12:06:09","68.04","11074026"
"MSFT","2017/04/26","12:07:10","68.03","11110938"
"MSFT","2017/04/26","12:08:12","68.05","11176257"
"MSFT","2017/04/26","12:09:13","68.05","11211907"
"MSFT","2017/04/26","12:10:18","68.00","11265498"
"MSFT","2017/04/26","12:11:19","68.00","11316826"
"MSFT","2017/04/26","12:12:20","68.00","11358979"
"MSFT","2017/04/26","12:13:20","67.96","11388373"
"MSFT","2017/04/26","12:14:21","67.97","11433051"
"MSFT","2017/04/26","12:15:21","67.97","11481099"
"MSFT","2017/04/26","12:16:23","67.97","11594184"
"MSFT","2017/04/26","12:17:24","67.98","11625833"
"MSFT","2017/04/26","12:18:25","68.05","11679697"
"MSFT","2017/04/26","12:19:26","68.06","11763747"
"MSFT","2017/04/26","12:20:26","68.06","11808274"
"MSFT","2017/04/26","12:21:27","68.06","11825169"
"MSFT","2017/04/26","12:22:27","68.05","11851424"
"MSFT","2017/04/26","12:23:31","68.05","11865019"
"MSFT","2017/04/26","12:24:32","68.08","23387"
"MSFT","2017/04/26","12:25:34","68.10","50348"
"MSFT","2017/04/26","12:26:34","68.11","76698"
"MSFT","2017/04/26","12:27:35","68.13","103542"
"MSFT","2017/04/26","12:28:37","68.14","113651"
"MSFT","2017/04/26","12:29:39","68.13","155085"
"MSFT","2017/04/26","12:30:41","68.11","199720"
"MSFT","2017/04/26","12:31:42","68.14","233512"
"MSFT","2017/04/26","12:32:45","68.17","279925"
"MSFT","2017/04/26","12:33:46","68.15","302071"
"MSFT","2017/04/26","12:34:46","68.15","344054"
"MSFT","2017/04/26","12:35:47","68.12","397030"
"MSFT","2017/04/26","12:36:47","68.14","411580"
"MSFT","2017/04/26","12:37:48","68.12","439690"
"MSFT","2017/04/26","12:38:48","68.09","469201"
"MSFT","2017/04/26","12:39:49","68.06","518620"
"MSFT","2017/04/26","12:40:49","68.03","568444"
"MSFT","2017/04/26","12:41:50","68.01","628616"
"MSFT","2017/04/26","12:42:50","68.05","658988"
"MSFT","2017/04/26","12:43:51","68.07","696265"
"MSFT","2017/04/26","12:44:51","67.99","838933"
"MSFT","2017/04/26","12:45:52","67.99","864681"
"MSFT","2017/04/26","12:46:52","68.00","896742"
"MSFT","2017/04/26","12:47:53","68.02","923956"
"MSFT","2017/04/26","12:48:54","68.05","935792"
"MSFT","2017/04/26","12:49:54","68.02","1059129"
"MSFT","2017/04/26","12:50:55","68.00","1072716"
"MSFT","2017/04/26","12:51:55","67.99","1090091"
"MSFT","2017/04/26","12:52:56","67.99","1367575"
"MSFT","2017/04/26","12:53:58","67.97","1486179"
"MSFT","2017/04/26","12:54:58","67.94","1540617"
"MSFT","2017/04/26","12:55:58","67.94","1561462"
"MSFT","2017/04/26","12:56:59","67.97","1574196"
"MSFT","2017/04/26","12:57:59","67.99","1593106"
"MSFT","2017/04/26","12:59:00","67.97","1614387"
"MSFT","2017/04/26","13:00:00","67.90","1720529"
"MSFT","2017/04/26","13:01:01","67.90","1778074"
"MSFT","2017/04/26","13:02:01","67.93","1813689"
"MSFT","2017/04/26","13:03:03","67.94","1851558"
"MSFT","2017/04/26","13:04:04","67.91","1881667"
"MSFT","2017/04/26","13:05:08","67.89","1917755"
"MSFT","2017/04/26","13:06:11","67.90","1936834"
"MSFT","2017/04/26","13:07:14","67.93","1976084"
"MSFT","2017/04/26","13:08:17","67.93","2022587"
"MSFT","2017/04/26","13:09:18","67.91","2044450"
"MSFT","2017/04/26","13:10:19","67.93","2071516"
"MSFT","2017/04/26","13:26:15","67.91","2615389"
"MSFT","2017/04/26","13:27:16","67.90","2635451"
"MSFT","2017/04/26","13:28:17","67.91","2660685"
"MSFT","2017/04/26","13:29:18","67.89","2681524"
"MSFT","2017/04/26","13:30:18","67.91","2705183"
"MSFT","2017/04/26","13:31:19","67.93","2733201"
"MSFT","2017/04/26","13:32:19","67.93","2750362"
"MSFT","2017/04/26","13:33:20","67.93","2771564"
"MSFT","2017/04/26","13:34:20","67.94","2804455"
"MSFT","2017/04/26","13:35:21","67.94","2820988"
"MSFT","2017/04/26","13:36:21","67.94","2843904"
"MSFT","2017/04/26","13:37:25","67.95","2878235"
"MSFT","2017/04/26","13:38:25","67.98","2906808"
"MSFT","2017/04/26","13:39:26","67.98","2924578"
"MSFT","2017/04/26","13:40:26","67.97","2945378"
"MSFT","2017/04/26","13:41:27","67.96","2959426"
"MSFT","2017/04/26","13:42:27","67.95","2988307"
"MSFT","2017/04/26","14:52:08","67.87","5830292"
"MSFT","2017/04/26","14:53:09","67.87","5858645"
"MSFT","2017/04/26","14:54:10","67.89","5881626"
"MSFT","2017/04/26","14:55:11","67.90","5909151"
"MSFT","2017/04/26","14:56:11","67.90","5923641"
"MSFT","2017/04/26","14:57:12","67.87","5996018"
"MSFT","2017/04/26","14:58:16","67.88","6037933"
"MSFT","2017/04/26","14:59:20","67.85","6092967"
"MSFT","2017/04/26","15:00:20","67.86","6115552"
"MSFT","2017/04/26","15:01:22","67.86","6134149"
"MSFT","2017/04/26","15:02:24","67.85","6168918"
"MSFT","2017/04/26","15:03:28","67.84","6186346"
"MSFT","2017/04/26","15:04:29","67.86","6236430"
"MSFT","2017/04/26","15:05:30","67.87","6250353"
"MSFT","2017/04/26","15:06:31","67.88","16531"
"MSFT","2017/04/26","15:07:31","67.89","38012"
"MSFT","2017/04/26","15:08:33","67.83","84986"
"MSFT","2017/04/26","15:09:37","67.82","110893"
"MSFT","2017/04/26","15:10:38","67.84","148703"
"MSFT","2017/04/26","15:11:38","67.85","174584"
"MSFT","2017/04/26","15:12:39","67.85","219045"
"MSFT","2017/04/26","15:13:40","67.83","246255"
"MSFT","2017/04/26","15:14:43","67.81","271977"
"MSFT","2017/04/26","15:15:46","67.80","326308"
"MSFT","2017/04/26","15:16:47","67.81","359692"
"MSFT","2017/04/26","15:17:47","67.77","457480"
"MSFT","2017/04/26","15:18:48","67.80","510540"
"MSFT","2017/04/26","15:19:49","67.80","608165"
"MSFT","2017/04/26","15:20:49","67.80","657942"
"MSFT","2017/04/26","15:21:50","67.85","715514"
"MSFT","2017/04/26","15:22:51","67.85","735830"
"MSFT","2017/04/26","15:23:52","67.86","756856"
"MSFT","2017/04/26","15:24:52","67.91","797037"
"MSFT","2017/04/26","15:25:53","67.86","844441"
"MSFT","2017/04/26","15:26:54","67.84","875470"
"MSFT","2017/04/26","15:27:55","67.86","919679"
"MSFT","2017/04/26","15:28:56","67.89","939912"
"MSFT","2017/04/26","15:29:57","67.90","296444"
"MSFT","2017/04/26","15:30:58","67.86","326041"
"MSFT","2017/04/26","15:31:59","67.90","367257"
"MSFT","2017/04/26","15:32:59","67.88","409042"
"MSFT","2017/04/26","15:34:00","67.88","485032"
"MSFT","2017/04/26","15:35:00","67.83","526882"
"MSFT","2017/04/26","15:36:02","67.85","598127"
"MSFT","2017/04/26","16:00:02","67.82","2027506"
"MSFT","2017/04/26","16:01:04","67.79","2115120"
"MSFT","2017/04/26","16:02:05","67.82","2164893"
"MSFT","2017/04/26","16:03:06","67.83","2212275"
"MSFT","2017/04/26","16:04:09","67.83","2243943"
"MSFT","2017/04/26","16:05:13","67.82","2325755"
"MSFT","2017/04/26","16:06:19","67.81","2548388"
"MSFT","2017/04/27","10:36:27","67.97","5995900"
"MSFT","2017/04/27","10:37:29","67.94","6050824"
"MSFT","2017/04/27","10:38:30","67.98","6160637"
"MSFT","2017/04/27","10:39:32","67.99","6196345"
"MSFT","2017/04/27","10:40:33","67.99","6243355"
"MSFT","2017/04/27","10:41:33","68.05","6301681"
"MSFT","2017/04/27","10:42:34","68.00","6438180"
"MSFT","2017/04/27","10:43:34","68.00","6538427"
"MSFT","2017/04/27","10:44:38","67.98","6622392"
"MSFT","2017/04/27","10:45:38","68.00","6705067"
"MSFT","2017/04/27","10:46:39","67.98","6775989"
"MSFT","2017/04/27","10:47:39","67.96","6850702"
"MSFT","2017/04/27","10:48:40","67.95","6906591"
"MSFT","2017/04/27","10:49:41","67.97","6963651"
"MSFT","2017/04/27","10:50:42","67.97","7006400"
"MSFT","2017/04/27","10:51:42","67.98","7083139"
"MSFT","2017/04/27","10:52:43","68.00","7142942"
"MSFT","2017/04/27","10:53:46","67.96","7182077"
"MSFT","2017/04/27","10:54:47","67.93","7222979"
"MSFT","2017/04/27","10:55:47","67.92","7282654"
"MSFT","2017/04/27","10:56:48","67.95","7373062"
"MSFT","2017/04/27","10:57:49","67.96","7410748"
"MSFT","2017/04/27","10:58:49","67.94","7478819"
"MSFT","2017/04/27","10:59:50","67.92","7524391"
"MSFT","2017/04/27","11:00:51","67.92","7564069"
"MSFT","2017/04/27","11:01:51","67.91","7599996"
"MSFT","2017/04/27","11:02:52","67.92","7651698"
"MSFT","2017/04/27","11:03:52","67.91","7697161"
"MSFT","2017/04/27","11:04:53","67.81","7818363"
"MSFT","2017/04/27","11:05:54","67.83","7880415"
"MSFT","2017/04/27","11:06:54","67.79","7979085"
"MSFT","2017/04/27","11:07:54","67.85","8104846"
"MSFT","2017/04/27","11:08:55","67.83","8162330"
"MSFT","2017/04/27","11:09:56","67.80","8212433"
"MSFT","2017/04/27","11:10:56","67.77","8275095"
"MSFT","2017/04/27","11:11:57","67.76","8331717"
"MSFT","2017/04/27","11:12:58","67.75","8362889"
"MSFT","2017/04/27","11:13:59","67.79","8415799"
"MSFT","2017/04/27","11:15:00","67.81","1138"
"MSFT","2017/04/27","11:16:00","67.82","78733"
"MSFT","2017/04/27","11:17:03","67.80","128309"
"MSFT","2017/04/27","11:18:06","67.77","175909"
"MSFT","2017/04/27","11:19:09","67.80","270940"
"MSFT","2017/04/27","11:20:13","67.78","318793"
"MSFT","2017/04/27","11:21:15","67.80","389245"
"MSFT","2017/04/27","11:22:17","67.80","437716"
"MSFT","2017/04/27","11:23:19","67.80","730216"
"MSFT","2017/04/27","11:24:20","67.81","784749"
"MSFT","2017/04/27","11:25:20","67.82","832143"
"MSFT","2017/04/27","11:26:21","67.81","886896"
"MSFT","2017/04/27","11:27:22","67.85","927160"
"MSFT","2017/04/27","11:28:23","67.85","969424"
"MSFT","2017/04/27","11:29:23","67.88","1021631"
"MSFT","2017/04/27","11:30:24","67.88","1069984"
"MSFT","2017/04/27","11:31:25","67.86","1120713"
"MSFT","2017/04/27","11:32:29","67.88","1149362"
"MSFT","2017/04/27","11:33:30","67.87","1191957"
"MSFT","2017/04/27","11:34:30","67.87","1216792"
"MSFT","2017/04/27","11:35:34","67.87","1249128"
"MSFT","2017/04/27","11:36:37","67.86","1272916"
"MSFT","2017/04/27","11:37:39","67.88","1292898"
"MSFT","2017/04/27","11:38:40","67.88","1314501"
"MSFT","2017/04/27","11:39:40","67.85","1350445"
"MSFT","2017/04/27","11:40:41","67.87","1406827"
"MSFT","2017/04/27","11:41:41","67.87","1438546"
"MSFT","2017/04/27","11:42:42","67.86","1469634"
"MSFT","2017/04/27","11:43:42","67.86","1542972"
"MSFT","2017/04/27","11:44:43","67.82","1626547"
"MSFT","2017/04/27","11:45:44","67.84","1674046"
"MSFT","2017/04/27","11:46:45","67.86","1721262"
"MSFT","2017/04/27","11:47:45","67.84","1757847"
"MSFT","2017/04/27","11:48:46","67.85","1799630"
"MSFT","2017/04/27","11:49:47","67.86","1876136"
"MSFT","2017/04/27","11:50:47","67.87","1965103"
"MSFT","2017/04/27","11:51:48","67.85","2010589"
"MSFT","2017/04/27","11:52:49","67.85","2037241"
"MSFT","2017/04/27","11:53:50","67.85","2052583"
"MSFT","2017/04/27","11:54:50","67.83","2090952"
"MSFT","2017/04/27","12:31:53","67.83","3796655"
"MSFT","2017/04/27","12:32:55","67.81","3833412"
"MSFT","2017/04/27","12:33:56","67.82","3854869"
"MSFT","2017/04/27","12:34:57","67.83","3895511"
"MSFT","2017/04/27","12:35:57","67.82","3919429"
"MSFT","2017/04/27","12:36:58","67.82","3953205"
"MSFT","2017/04/27","12:37:58","67.82","3967473"
"MSFT","2017/04/27","12:38:59","67.83","4018874"
"MSFT","2017/04/27","12:39:59","67.83","4037967"
"MSFT","2017/04/27","12:41:01","67.82","4067668"
"MSFT","2017/04/27","12:42:01","67.78","4149776"
"MSFT","2017/04/27","12:43:02","67.78","4200309"
"MSFT","2017/04/27","12:44:03","67.77","4250400"
"MSFT","2017/04/27","12:45:03","67.75","4304138"
"MSFT","2017/04/27","12:46:05","67.75","4361650"
"MSFT","2017/04/27","12:47:05","67.75","4517270"
"MSFT","2017/04/27","12:48:08","67.75","4566850"
"MSFT","2017/04/27","12:49:16","67.73","4614393"
"MSFT","2017/04/27","12:50:17","67.73","4677733"
"MSFT","2017/04/27","12:51:19","67.71","4709240"
"MSFT","2017/04/27","12:52:23","67.72","4764580"
"MSFT","2017/04/27","12:53:23","67.68","4981545"
"MSFT","2017/04/27","12:54:24","67.70","5036696"
"MSFT","2017/04/27","12:55:25","67.68","5084710"
"MSFT","2017/04/27","12:56:26","67.67","5141894"
"MSFT","2017/04/27","12:57:27","67.67","5202127"
"MSFT","2017/04/27","12:58:27","67.67","5231068"
"MSFT","2017/04/27","12:59:27","67.68","5260105"
"MSFT","2017/04/27","13:00:28","67.65","5303458"
"MSFT","2017/04/27","13:01:28","67.64","5486039"
"MSFT","2017/04/27","13:02:29","67.61","5529255"
"MSFT","2017/04/27","13:03:30","67.60","5819417"
"MSFT","2017/04/27","13:04:30","67.61","5874405"
"MSFT","2017/04/27","13:05:31","67.62","5950589"
"MSFT","2017/04/27","13:06:32","67.63","6027515"
"MSFT","2017/04/27","13:07:32","67.63","6062660"
"MSFT","2017/04/27","13:08:35","67.64","6097837"
"MSFT","2017/04/27","13:09:35","67.65","6148967"
"MSFT","2017/04/27","13:10:37","67.66","6186821"
"MSFT","2017/04/27","13:11:37","67.70","6265037"
"MSFT","2017/04/27","13:12:38","67.73","6336291"
"MSFT","2017/04/27","13:13:38","67.78","6393812"
"MSFT","2017/04/27","13:14:39","67.79","6454884"
"MSFT","2017/04/27","13:15:39","67.82","6528624"
"MSFT","2017/04/27","13:16:40","67.79","6571879"
"MSFT","2017/04/27","13:17:45","67.79","6601279"
"MSFT","2017/04/27","13:18:46","67.81","6667000"
"MSFT","2017/04/27","13:19:46","67.79","6719791"
"MSFT","2017/04/27","13:20:47","67.78","6777658"
"MSFT","2017/04/27","13:21:47","67.78","6824326"
"MSFT","2017/04/27","13:22:49","67.80","6862085"
"MSFT","2017/04/27","13:23:49","67.79","6881925"
"MSFT","2017/04/27","13:24:50","67.78","6901013"
"MSFT","2017/04/27","13:25:51","67.78","6954774"
"MSFT","2017/04/27","13:26:51","67.80","6978361"
"MSFT","2017/04/27","13:30:42","67.79","7103241"
"MSFT","2017/04/27","13:31:43","67.79","7129789"
"MSFT","2017/04/27","13:32:46","67.80","7154202"
"MSFT","2017/04/27","13:33:46","67.75","7231713"
"MSFT","2017/04/27","13:34:47","67.74","7338198"
"MSFT","2017/04/27","13:35:47","67.78","7418653"
"MSFT","2017/04/27","13:36:48","67.77","7457536"
"MSFT","2017/04/27","13:37:48","67.77","7538055"
"MSFT","2017/04/27","13:38:49","67.76","7564554"
"MSFT","2017/04/27","13:39:49","67.77","7613512"
"MSFT","2017/04/27","13:40:50","67.78","7633751"
"MSFT","2017/04/27","13:41:50","67.79","7758547"
"MSFT","2017/04/27","13:42:51","67.80","7783563"
"MSFT","2017/04/27","13:43:52","67.80","7825852"
"MSFT","2017/04/27","13:44:52","67.81","7861265"
"MSFT","2017/04/27","13:45:53","67.81","7909981"
"MSFT","2017/04/27","13:46:53","67.80","7934204"
"MSFT","2017/04/27","13:47:53","67.78","7960327"
"MSFT","2017/04/27","13:48:54","67.81","8013278"
"MSFT","2017/04/27","13:49:54","67.79","8042933"
"MSFT","2017/04/27","13:50:55","67.80","8063221"
"MSFT","2017/04/27","13:51:55","67.79","8118059"
"MSFT","2017/04/27","13:52:56","67.80","8138029"
"MSFT","2017/04/27","13:53:56","67.78","8163229"
"MSFT","2017/04/27","13:54:57","67.77","8239344"
"MSFT","2017/04/27","13:55:57","67.79","8272258"
"MSFT","2017/04/27","13:56:58","67.81","8299344"
"MSFT","2017/04/27","13:57:58","67.80","8326674"
"MSFT","2017/04/27","13:58:58","67.79","8338855"
"MSFT","2017/04/27","14:00:00","67.78","8377426"
"MSFT","2017/04/27","14:01:03","67.78","8400476"
"MSFT","2017/04/27","14:02:06","67.79","8482238"
"MSFT","2017/04/27","14:03:07","67.78","8510374"
"MSFT","2017/04/27","14:04:09","67.76","8552872"
"MSFT","2017/04/27","14:05:12","67.75","8589023"
"MSFT","2017/04/27","14:06:13","67.79","8637022"
"MSFT","2017/04/27","14:07:21","67.78","8667379"
"MSFT","2017/04/27","14:08:22","67.80","8704420"
"MSFT","2017/04/27","14:09:22","67.81","8749427"
"MSFT","2017/04/27","14:10:23","67.81","8820496"
"MSFT","2017/04/27","14:11:23","67.81","8870437"
"MSFT","2017/04/27","14:12:25","67.84","8993822"
"MSFT","2017/04/27","14:13:27","67.83","9017169"
"MSFT","2017/04/27","14:14:27","67.85","9072792"
"MSFT","2017/04/27","14:15:28","67.87","9152033"
"MSFT","2017/04/27","14:16:30","67.86","9193879"
"MSFT","2017/04/27","14:17:30","67.85","9248179"
"MSFT","2017/04/27","14:18:31","67.86","9270934"
"MSFT","2017/04/27","14:19:33","67.85","9341638"
"MSFT","2017/04/27","14:20:35","67.86","9414763"
"MSFT","2017/04/27","14:21:35","67.88","9496754"
"MSFT","2017/04/27","14:22:36","67.91","9761611"
"MSFT","2017/04/27","14:23:40","67.92","9845606"
"MSFT","2017/04/27","14:24:40","67.92","9865054"
"MSFT","2017/04/27","14:25:40","67.95","10004546"
"MSFT","2017/04/27","14:26:41","67.94","10077902"
"MSFT","2017/04/27","14:27:41","67.91","10163760"
"MSFT","2017/04/27","14:28:42","67.92","10244187"
"MSFT","2017/04/27","14:29:42","67.99","10354764"
"MSFT","2017/04/27","14:30:43","68.01","10456518"
"MSFT","2017/04/27","14:31:43","68.01","10534835"
"MSFT","2017/04/27","14:32:44","68.00","10593290"
"MSFT","2017/04/27","14:33:45","67.98","10629334"
"MSFT","2017/04/27","14:34:45","67.98","10694220"
"MSFT","2017/04/27","14:35:46","67.97","10726823"
"MSFT","2017/04/27","14:36:50","67.97","10802925"
"MSFT","2017/04/27","14:37:50","67.91","10856915"
"MSFT","2017/04/27","14:38:51","67.91","10905827"
"MSFT","2017/04/27","14:39:51","67.91","11005638"
"MSFT","2017/04/27","14:40:52","67.88","11083554"
"MSFT","2017/04/27","14:41:53","67.91","11172393"
"MSFT","2017/04/27","14:42:53","67.90","11190605"
"MSFT","2017/04/27","14:43:54","67.93","11254120"
"MSFT","2017/04/27","14:44:55","67.90","11296360"
"MSFT","2017/04/27","14:45:55","67.94","11601204"
"MSFT","2017/04/27","14:46:56","67.93","11699162"
"MSFT","2017/04/27","14:47:56","67.93","11718057"
"MSFT","2017/04/27","14:48:57","67.93","11744790"
"MSFT","2017/04/27","14:49:58","67.92","11775338"
"MSFT","2017/04/27","14:50:59","67.94","11852499"
"MSFT","2017/04/27","14:51:59","67.92","11903556"
"MSFT","2017/04/27","14:53:00","67.89","11943624"
"MSFT","2017/04/27","14:54:01","67.91","12013639"
"MSFT","2017/04/27","14:55:01","67.93","12042288"
"MSFT","2017/04/27","14:56:02","67.92","12078551"
"MSFT","2017/04/27","14:57:06","67.94","12146632"
"MSFT","2017/04/27","14:58:12","67.97","12213002"
"MSFT","2017/04/27","14:59:13","67.96","12327245"
"MSFT","2017/04/27","15:00:16","67.97","12391360"
"MSFT","2017/04/27","15:01:17","67.97","12424550"
"MSFT","2017/04/27","15:02:21","67.95","12500748"
"MSFT","2017/04/27","15:03:21","67.94","12523196"
"MSFT","2017/04/27","15:04:23","67.95","12576669"
"MSFT","2017/04/27","15:05:24","67.93","12603122"
"MSFT","2017/04/27","15:06:29","67.92","12644641"
"MSFT","2017/04/27","15:07:29","67.93","12709160"
"MSFT","2017/04/27","15:08:31","67.92","12748573"
"MSFT","2017/04/27","15:09:33","67.92","12785225"
"MSFT","2017/04/27","15:10:33","67.89","12851368"
"MSFT","2017/04/27","15:11:34","67.89","12913202"
"MSFT","2017/04/27","15:12:34","67.93","13012858"
"MSFT","2017/04/27","15:13:35","67.92","13057500"
"MSFT","2017/04/27","15:14:35","67.91","6080"
"MSFT","2017/04/27","15:15:37","67.94","70423"
"MSFT","2017/04/27","15:16:39","67.95","130647"
"MSFT","2017/04/27","15:17:40","67.95","155909"
"MSFT","2017/04/27","15:18:41","67.96","324574"
"MSFT","2017/04/27","15:19:41","67.96","379034"
"MSFT","2017/04/27","15:20:42","67.96","441407"
"MSFT","2017/04/27","15:21:42","67.97","473892"
"MSFT","2017/04/27","15:22:44","67.92","588356"
"MSFT","2017/04/27","15:23:49","67.89","766561"
"MSFT","2017/04/27","15:24:50","67.90","807835"
"MSFT","2017/04/27","15:25:50","67.93","860514"
"MSFT","2017/04/27","15:26:51","67.91","908255"
"MSFT","2017/04/27","15:27:52","67.90","930741"
"MSFT","2017/04/27","15:28:52","67.91","965120"
"MSFT","2017/04/27","15:29:53","67.93","1083315"
"MSFT","2017/04/27","15:30:57","67.96","1215150"
"MSFT","2017/04/27","15:31:58","67.97","1328997"
"MSFT","2017/04/27","15:32:58","67.97","1386598"
"MSFT","2017/04/27","15:33:59","67.99","1444869"
"MSFT","2017/04/27","15:34:59","67.99","1575964"
"MSFT","2017/04/27","15:36:00","67.99","1661549"
"MSFT","2017/04/27","15:37:00","68.04","1809153"
"MSFT","2017/04/27","15:38:01","68.06","1910997"
"MSFT","2017/04/27","15:39:01","68.06","1983262"
"MSFT","2017/04/27","15:40:02","68.07","2088203"
"MSFT","2017/04/27","15:41:02","68.06","2142299"
"MSFT","2017/04/27","15:42:06","68.07","2220452"
"MSFT","2017/04/27","15:43:09","68.08","65668"
"MSFT","2017/04/27","15:44:13","68.06","116732"
"MSFT","2017/04/27","15:45:19","68.14","269740"
"MSFT","2017/04/27","15:46:19","68.14","417746"
"MSFT","2017/04/27","15:47:20","68.12","526118"
"MSFT","2017/04/27","15:48:21","68.17","688697"
"MSFT","2017/04/27","15:49:22","68.18","811172"
"MSFT","2017/04/27","15:50:23","68.20","933384"
"MSFT","2017/04/27","15:51:23","68.15","1080889"
"MSFT","2017/04/27","15:52:24","68.17","1227159"
"MSFT","2017/04/27","15:53:24","68.21","1360746"
"MSFT","2017/04/27","15:54:28","68.23","1479275"
"MSFT","2017/04/27","15:55:28","68.23","1589918"
"MSFT","2017/04/27","15:56:31","68.20","1743032"
"MSFT","2017/04/27","15:57:31","68.22","1837086"
"MSFT","2017/04/27","15:58:35","68.20","1991971"
"MSFT","2017/04/27","15:59:36","68.21","2097657"
"MSFT","2017/04/27","16:00:38","68.24","2290075"
"MSFT","2017/04/27","16:01:38","68.24","2488305"
"MSFT","2017/04/27","16:02:39","68.25","2642920"
"MSFT","2017/04/27","16:03:40","68.23","2759726"
"MSFT","2017/04/27","16:04:40","68.22","2867826"
"MSFT","2017/04/27","16:05:41","68.16","3175280"
"MSFT","2017/04/27","16:06:41","68.16","3458008"
"MSFT","2017/04/27","16:07:42","68.17","3630143"
"MSFT","2017/04/27","16:08:42","68.21","3889912"
"MSFT","2017/04/27","16:09:43","68.22","4111429"
"MSFT","2017/04/27","16:10:43","68.25","4332843"
"MSFT","2017/04/27","16:11:44","68.24","4565682"
"MSFT","2017/04/27","16:12:45","68.22","4809053"
"MSFT","2017/04/27","16:13:46","68.32","5227011"
"MSFT","2017/04/27","16:14:47","68.32","5794440"
"MSFT","2017/04/27","16:15:47","68.27","8337806"
"MSFT","2017/04/27","16:16:48","68.27","8339091"
"MSFT","2017/04/27","16:17:48","68.27","8343866"
"MSFT","2017/04/27","16:18:49","68.27","8345566"
"MSFT","2017/04/27","16:19:50","68.27","8360330"
"MSFT","2017/04/27","16:20:50","68.27","8412578"
"MSFT","2017/04/27","16:21:51","68.27","8442261"
"MSFT","2017/04/27","16:22:51","68.27","8491340"
"MSFT","2017/04/27","16:30:42","68.27","8970133"
"MSFT","2017/04/27","16:31:42","68.27","9033699"
"MSFT","2017/04/27","16:32:42","68.27","9069072"
"MSFT","2017/04/27","16:33:43","68.27","9096099"
"MSFT","2017/04/27","16:34:43","68.27","9166104"
"MSFT","2017/04/27","16:35:44","68.27","9223710"
"MSFT","2017/04/27","16:36:44","68.27","9244634"
"MSFT","2017/04/27","16:37:45","68.27","9336833"
"MSFT","2017/04/27","16:38:45","68.27","9431178"
"MSFT","2017/04/27","16:39:45","68.27","9446558"
"MSFT","2017/04/27","16:40:46","68.27","9455227"
"MSFT","2017/04/27","16:41:46","68.27","9470451"
"MSFT","2017/04/27","16:42:47","68.27","9504819"
"MSFT","2017/04/27","16:43:47","68.27","9533167"
"MSFT","2017/04/27","16:44:48","68.27","9575337"
"MSFT","2017/04/27","16:45:48","68.27","33472493"
"MSFT","2017/04/27","16:46:48","68.27","33513606"
"MSFT","2017/04/27","16:47:49","68.27","33514841"
"MSFT","2017/04/27","16:48:49","68.27","33516142"
"MSFT","2017/04/27","16:49:50","68.27","33574318"
"MSFT","2017/04/27","16:50:50","68.27","33589217"
"MSFT","2017/04/27","16:51:51","68.27","33594218"
"MSFT","2017/04/27","16:52:51","68.27","33612919"
"MSFT","2017/04/27","16:53:52","68.27","33627060"
"MSFT","2017/04/27","16:54:52","68.27","33632128"
"MSFT","2017/04/27","16:55:53","68.27","33650093"
"MSFT","2017/04/27","16:56:53","68.27","33654349"
"MSFT","2017/04/27","16:57:54","68.27","33654896"
"MSFT","2017/04/27","16:58:55","68.27","33694455"
"MSFT","2017/04/27","16:59:55","68.27","33710601"
"MSFT","2017/04/27","17:00:56","68.27","33719616"
"MSFT","2017/04/27","17:01:56","68.27","33741003"
"MSFT","2017/04/27","17:02:58","68.27","33752026"
"MSFT","2017/04/27","17:03:58","68.27","33758643"
"MSFT","2017/04/27","17:04:59","68.27","33770488"
"MSFT","2017/04/27","17:05:59","68.27","33790162"
"MSFT","2017/04/27","17:07:00","68.27","33932918"
"MSFT","2017/04/27","17:08:00","68.27","33977714"
"MSFT","2017/04/27","17:09:01","68.27","33991976"
"MSFT","2017/04/27","17:10:01","68.27","34011741"
"MSFT","2017/04/27","17:11:02","68.27","34027254"
"MSFT","2017/04/27","17:12:03","68.27","34050245"
"MSFT","2017/04/27","17:13:03","68.27","34079652"
"MSFT","2017/04/27","17:14:03","68.27","34080700"
"MSFT","2017/04/27","17:15:04","68.27","34102874"
"MSFT","2017/04/27","17:16:05","68.27","34112671"
"MSFT","2017/04/27","17:17:07","68.27","34116928"
"MSFT","2017/04/27","17:18:08","68.27","34120948"
"MSFT","2017/04/27","17:19:08","68.27","34126479"
"MSFT","2017/04/27","17:20:10","68.27","34128930"
"MSFT","2017/04/27","17:21:11","68.27","34140321"
"MSFT","2017/04/27","17:22:13","68.27","34141071"
"MSFT","2017/04/27","17:23:14","68.27","34169851"
"MSFT","2017/04/27","17:24:14","68.27","34174282"
"MSFT","2017/04/27","17:25:16","68.27","34188245"
"MSFT","2017/04/27","17:26:19","68.27","34190020"
"MSFT","2017/04/27","17:27:22","68.27","34191789"
"MSFT","2017/04/27","17:28:24","68.27","34206320"
"MSFT","2017/04/27","17:29:24","68.27","34220918"
"MSFT","2017/04/27","17:30:25","68.27","34236486"
"MSFT","2017/04/27","17:31:28","68.27","34241177"
"MSFT","2017/04/27","17:32:29","68.27","34245099"
"MSFT","2017/04/27","17:33:29","68.27","34248824"
"MSFT","2017/04/27","17:34:30","68.27","34253335"
"MSFT","2017/04/27","17:35:31","68.27","34255557"
"MSFT","2017/04/27","17:36:31","68.27","34286338"
"MSFT","2017/04/27","17:37:32","68.27","34286821"
"MSFT","2017/04/27","17:38:33","68.27","34288771"
"MSFT","2017/04/27","17:39:34","68.27","34293321"
"MSFT","2017/04/27","17:40:35","68.27","34339420"
"MSFT","2017/04/27","17:41:36","68.27","34297907"
"MSFT","2017/04/27","17:42:37","68.27","34301810"
"MSFT","2017/04/27","17:43:37","68.27","34304410"
"MSFT","2017/04/27","17:44:37","68.27","34304789"
"MSFT","2017/04/27","17:45:38","68.27","34308293"
"MSFT","2017/04/27","17:46:39","68.27","34308743"
"MSFT","2017/04/27","17:47:39","68.27","34309643"
"MSFT","2017/04/27","17:48:40","68.27","34310295"
"MSFT","2017/04/27","17:49:41","68.27","34320530"
"MSFT","2017/04/27","17:50:42","68.27","34325151"
"MSFT","2017/04/27","17:51:42","68.27","34327975"
"MSFT","2017/04/27","17:52:43","68.27","34331630"
"MSFT","2017/04/27","17:53:43","68.27","34334933"
"MSFT","2017/04/27","17:54:45","68.27","34339002"
"MSFT","2017/04/27","17:55:46","68.27","34339420"
"MSFT","2017/04/27","17:56:47","68.27","34342259"
"MSFT","2017/04/27","17:57:47","68.27","34343094"
"MSFT","2017/04/27","17:58:48","68.27","34344294"
"MSFT","2017/04/27","17:59:49","68.27","34344506"
"MSFT","2017/04/27","18:00:51","68.27","34358517"
"MSFT","2017/04/27","18:01:52","68.27","34375087"
"MSFT","2017/04/27","18:02:52","68.27","34376395"
"MSFT","2017/04/27","18:03:53","68.27","34376761"
"MSFT","2017/04/27","18:04:54","68.27","34378775"
"MSFT","2017/04/27","18:05:55","68.27","34383236"
"MSFT","2017/04/27","18:06:56","68.27","34390088"
"MSFT","2017/04/27","18:07:57","68.27","34395404"
"MSFT","2017/04/27","18:08:57","68.27","34398572"
"MSFT","2017/04/27","18:09:58","68.27","34399527"
"MSFT","2017/04/27","18:10:59","68.27","34400707"
"MSFT","2017/04/27","18:11:59","68.27","34404858"
"MSFT","2017/04/27","18:13:00","68.27","34412143"
"MSFT","2017/04/27","18:14:01","68.27","34449549"
"MSFT","2017/04/27","18:15:02","68.27","34461554"
"MSFT","2017/04/27","18:16:07","68.27","34477431"
"MSFT","2017/04/27","18:17:07","68.27","34535814"
"MSFT","2017/04/27","18:18:08","68.27","34610715"
"MSFT","2017/04/27","18:19:10","68.27","34656682"
"MSFT","2017/04/27","18:20:14","68.27","34682829"
"MSFT","2017/04/27","18:21:16","68.27","34689194"
"MSFT","2017/04/27","18:22:16","68.27","34697382"
"MSFT","2017/04/27","18:23:17","68.27","34727762"
"MSFT","2017/04/27","18:24:18","68.27","34731798"
"MSFT","2017/04/27","18:25:21","68.27","34741793"
"MSFT","2017/04/27","18:26:21","68.27","34760392"
"MSFT","2017/04/27","18:27:25","68.27","34767926"
"MSFT","2017/04/27","18:28:29","68.27","34770476"
"MSFT","2017/04/27","18:29:30","68.27","34779830"
"MSFT","2017/04/27","18:30:31","68.27","34783081"
"MSFT","2017/04/27","18:31:32","68.27","34798623"
"MSFT","2017/04/27","18:32:32","68.27","34802823"
"MSFT","2017/04/27","18:33:33","68.27","34803923"
"MSFT","2017/04/27","18:34:34","68.27","34816860"
"MSFT","2017/04/27","18:35:36","68.27","34824851"
"MSFT","2017/04/27","18:36:39","68.27","34827061"
"MSFT","2017/04/27","18:37:39","68.27","34828191"
"MSFT","2017/04/27","18:38:40","68.27","34828891"
"MSFT","2017/04/27","18:39:40","68.27","34829891"
"MSFT","2017/04/27","18:40:41","68.27","34831891"
"MSFT","2017/04/27","18:41:41","68.27","34832491"
"MSFT","2017/04/27","18:42:42","68.27","34833476"
"MSFT","2017/04/27","18:43:42","68.27","34836076"
"MSFT","2017/04/27","18:44:43","68.27","34842649"
"MSFT","2017/04/27","18:45:44","68.27","34845194"
"MSFT","2017/04/27","18:46:44","68.27","34846819"
"MSFT","2017/04/27","18:47:45","68.27","34850319"
"MSFT","2017/04/27","18:48:45","68.27","34851519"
"MSFT","2017/04/27","18:49:46","68.27","34854360"
"MSFT","2017/04/27","18:50:49","68.27","34862419"
"MSFT","2017/04/27","18:51:50","68.27","34864294"
"MSFT","2017/04/27","18:52:51","68.27","34872305"
"MSFT","2017/04/27","18:53:51","68.27","34872655"
"MSFT","2017/04/27","18:54:51","68.27","34873155"
"MSFT","2017/04/27","18:55:52","68.27","34873255"
"MSFT","2017/04/27","18:56:52","68.27","34874955"
"MSFT","2017/04/27","18:57:53","68.27","34876205"
"MSFT","2017/04/27","19:10:29","68.27","34900969"
"MSFT","2017/04/27","19:11:31","68.27","34901398"
"MSFT","2017/04/27","19:12:32","68.27","34901528"
"MSFT","2017/04/27","19:13:34","68.27","34901758"
"MSFT","2017/04/27","19:14:35","68.27","34903758"
"MSFT","2017/04/27","19:15:39","68.27","34904936"
"MSFT","2017/04/27","19:16:44","68.27","34906436"
"MSFT","2017/04/27","19:17:44","68.27","34907933"
"MSFT","2017/04/27","19:18:45","68.27","34916258"
"MSFT","2017/04/27","19:19:45","68.27","34917471"
"MSFT","2017/04/27","19:20:45","68.27","34917471"
"MSFT","2017/04/27","19:21:46","68.27","34917471"
"MSFT","2017/04/27","19:22:47","68.27","34917471"
"MSFT","2017/04/27","19:23:47","68.27","34918071"
"MSFT","2017/04/27","19:24:48","68.27","34922183"
"MSFT","2017/04/27","19:25:50","68.27","34922960"
"MSFT","2017/04/27","19:26:50","68.27","34923582"
"MSFT","2017/04/27","19:27:51","68.27","34923595"
"MSFT","2017/04/27","19:28:51","68.27","34923715"
"MSFT","2017/04/27","19:29:52","68.27","34923865"
"MSFT","2017/04/27","19:30:52","68.27","34927326"
"MSFT","2017/04/27","19:31:53","68.27","34928626"
"MSFT","2017/04/27","19:32:53","68.27","34928626"
"MSFT","2017/04/27","19:33:54","68.27","34928726"
"MSFT","2017/04/27","19:34:55","68.27","34929052"
"MSFT","2017/04/27","19:35:55","68.27","34930552"
"MSFT","2017/04/27","19:36:56","68.27","34931341"
"MSFT","2017/04/27","19:37:57","68.27","34931441"
"MSFT","2017/04/27","19:38:59","68.27","34931871"
"MSFT","2017/04/27","19:40:00","68.27","34932871"
"MSFT","2017/04/27","19:41:00","68.27","34933561"
"MSFT","2017/04/27","19:42:01","68.27","34934700"
"MSFT","2017/04/27","19:43:01","68.27","34934900"
"MSFT","2017/04/27","19:44:02","68.27","34934900"
"MSFT","2017/04/27","19:45:03","68.27","34935261"
"MSFT","2017/04/27","19:46:04","68.27","34935261"
"MSFT","2017/04/27","19:47:05","68.27","34935561"
"MSFT","2017/04/27","19:48:07","68.27","34936250"
"MSFT","2017/04/27","19:49:10","68.27","34936550"
"MSFT","2017/04/27","19:50:11","68.27","34936570"
"MSFT","2017/04/27","19:51:16","68.27","34936950"
"MSFT","2017/04/27","19:52:20","68.27","34940471"
"MSFT","2017/04/27","19:53:22","68.27","34941771"
"MSFT","2017/04/27","19:54:25","68.27","34941871"
"MSFT","2017/04/27","19:55:26","68.27","34946871"
"MSFT","2017/04/27","19:56:26","68.27","34946871"
"MSFT","2017/04/27","19:57:30","68.27","34947978"
"MSFT","2017/04/27","19:58:31","68.27","34948478"
"MSFT","2017/04/27","19:59:31","68.27","34949823"
"MSFT","2017/04/27","20:00:32","68.27","34950373"
"MSFT","2017/04/27","20:01:33","68.27","34955113"
"MSFT","2017/04/27","20:02:37","68.27","34961098"
"MSFT","2017/04/27","20:03:38","68.27","34962563"
"MSFT","2017/04/27","20:04:39","68.27","34962778"
"MSFT","2017/04/27","20:05:39","68.27","34962778"
"MSFT","2017/04/27","20:06:43","68.27","34962788"
"MSFT","2017/04/27","20:07:44","68.27","34964688"
"MSFT","2017/04/27","20:08:44","68.27","34965703"
"MSFT","2017/04/27","20:09:45","68.27","34966083"
"MSFT","2017/04/27","20:10:45","68.27","34966303"
"MSFT","2017/04/27","20:11:46","68.27","34966903"
"MSFT","2017/04/27","20:12:46","68.27","34967953"
"MSFT","2017/04/27","20:13:47","68.27","34968553"
"MSFT","2017/04/27","20:14:47","68.27","34970653"
"MSFT","2017/04/27","20:15:49","68.27","34970953"
"MSFT","2017/04/27","20:16:49","68.27","34970953"
"MSFT","2017/04/27","20:17:50","68.27","34970953"
"MSFT","2017/04/27","20:18:50","68.27","34970953"
"MSFT","2017/04/27","20:19:51","68.27","34970953"
"MSFT","2017/04/27","20:20:53","68.27","34970953"
"MSFT","2017/04/27","20:21:54","68.27","34970953"
"MSFT","2017/04/27","20:22:55","68.27","34970953"
"MSFT","2017/04/27","20:23:56","68.27","34970953"
"MSFT","2017/04/27","20:24:57","68.27","34970953"
"MSFT","2017/04/27","20:25:58","68.27","34970953"
"MSFT","2017/04/27","20:27:03","68.27","34970953"
"MSFT","2017/04/27","20:28:07","68.27","34970953"
"MSFT","2017/04/27","20:29:08","68.27","34970953"
"MSFT","2017/04/27","20:30:12","68.27","34970953"
"MSFT","2017/04/27","20:31:16","68.27","34970953"
